food_area,plate_area,waste_percentage,contour_count,coverage_ratio,avg_h,avg_s,avg_v,label
104052,159788,65.12,17,0.6512,53.77,138.58,188.13,High Waste
106180,149959,70.81,15,0.7081,20.28,87.61,141.34,High Waste
14870,152973,9.72,5,0.0972,25.88,155.55,39.8,Low Waste
50314,157911,31.86,8,0.3186,36.8,78.81,112.05,Moderate Waste
6799,102581,6.63,4,0.0663,32.79,147.21,90.27,Low Waste
56946,91514,62.23,21,0.6223,33.34,67.48,171.33,High Waste
14634,138189,10.59,3,0.1059,17.03,130.93,125.02,Low Waste
122493,179532,68.23,26,0.6823,38.08,62.22,158.39,High Waste
53578,124732,42.95,10,0.4295,38.27,133.94,138.61,Moderate Waste
92044,155177,59.32,18,0.5932,53.87,88.68,101.08,High Waste
119140,166538,71.54,15,0.7154,49.0,136.11,189.78,High Waste
6328,164903,3.84,1,0.0384,25.29,158.42,128.97,Low Waste
5723,102577,5.58,1,0.0558,21.0,122.64,62.07,Low Waste
63319,97629,64.86,21,0.6486,54.26,112.31,154.1,High Waste
10460,164648,6.35,4,0.0635,31.26,163.51,88.26,Low Waste
5792,116182,4.99,3,0.0499,20.51,132.69,73.65,Low Waste
48461,134000,36.17,11,0.3617,29.83,137.96,176.91,Moderate Waste
50689,174825,28.99,6,0.2899,45.07,128.78,158.21,Moderate Waste
40310,118926,33.9,29,0.339,28.83,78.16,201.43,High Waste
64103,171881,37.3,12,0.373,17.78,118.76,127.09,Moderate Waste
11649,139769,8.33,1,0.0833,31.9,118.86,105.84,Low Waste
47104,108216,43.53,11,0.4353,38.25,97.34,130.25,Moderate Waste
49898,147808,33.76,10,0.3376,28.27,166.26,101.2,Moderate Waste
15708,160436,9.79,5,0.0979,12.29,129.41,76.91,Low Waste
20106,171234,11.74,4,0.1174,31.36,127.55,61.58,Low Waste
8978,135407,6.63,5,0.0663,32.99,187.74,53.82,Low Waste
61140,131634,46.45,13,0.4645,43.06,122.15,125.55,Moderate Waste
73507,170328,43.16,7,0.4316,36.88,158.61,125.04,Moderate Waste
11275,134293,8.4,3,0.084,28.42,169.55,81.7,Low Waste
51105,154651,33.05,10,0.3305,19.18,149.24,127.6,Moderate Waste
5342,147336,3.63,4,0.0363,12.16,174.12,59.58,Low Waste
77307,104435,74.02,27,0.7402,39.36,114.39,186.8,High Waste
40483,103589,39.08,6,0.3908,39.72,129.87,110.76,Moderate Waste
34574,145590,23.75,8,0.2375,46.41,135.69,121.87,Moderate Waste
6548,100539,6.51,4,0.0651,43.48,124.51,72.64,Low Waste
67601,158161,42.74,5,0.4274,22.72,134.76,86.36,Moderate Waste
70754,152848,46.29,9,0.4629,30.84,110.59,135.05,Moderate Waste
13450,109312,12.3,4,0.123,44.56,132.1,106.8,Low Waste
13640,133281,10.23,3,0.1023,22.99,144.74,83.01,Low Waste
61923,124500,49.74,9,0.4974,44.28,112.49,110.34,Moderate Waste
80364,151361,53.09,16,0.5309,35.31,70.62,119.58,High Waste
11239,114501,9.82,2,0.0982,20.23,127.67,115.61,Low Waste
108792,148994,73.02,12,0.7302,40.09,92.98,138.74,High Waste
17473,137036,12.75,2,0.1275,46.69,123.6,97.98,Low Waste
116600,174474,66.83,19,0.6683,34.08,101.54,197.12,High Waste
5574,162079,3.44,3,0.0344,32.74,141.95,94.83,Low Waste
15841,131938,12.01,5,0.1201,30.26,136.21,111.16,Low Waste
4794,170380,2.81,2,0.0281,30.36,145.12,101.93,Low Waste
11304,118112,9.57,5,0.0957,7.56,156.49,111.51,Low Waste
0,137769,0.0,1,0.0,30.83,93.11,104.13,Low Waste
45805,91422,50.1,8,0.501,33.62,79.54,120.26,Moderate Waste
64195,126774,50.64,25,0.5064,19.19,58.82,133.19,High Waste
24359,150410,16.2,2,0.162,22.98,124.51,88.41,Low Waste
9944,93367,10.65,2,0.1065,28.78,104.39,71.2,Low Waste
69119,118700,58.23,19,0.5823,38.85,110.61,112.93,High Waste
10061,152531,6.6,5,0.066,39.69,142.53,83.52,Low Waste
62181,104010,59.78,22,0.5978,46.78,107.36,187.67,High Waste
102658,128616,79.82,12,0.7982,40.2,128.33,182.16,High Waste
71003,93142,76.23,16,0.7623,38.1,120.86,125.49,High Waste
13649,129411,10.55,4,0.1055,21.98,116.48,76.96,Low Waste
4995,102579,4.87,2,0.0487,21.84,112.36,93.3,Low Waste
7066,150501,4.7,1,0.047,24.29,121.39,73.07,Low Waste
9023,152483,5.92,5,0.0592,31.0,125.41,114.13,Low Waste
10637,155012,6.86,3,0.0686,24.38,104.65,95.89,Low Waste
9070,118542,7.65,1,0.0765,32.7,125.51,96.13,Low Waste
86891,126766,68.54,22,0.6854,39.22,136.74,120.44,High Waste
3373,90662,3.72,4,0.0372,20.78,144.74,104.47,Low Waste
43791,145119,30.18,12,0.3018,28.57,140.15,112.31,Moderate Waste
37732,103554,36.44,6,0.3644,30.38,139.23,148.17,Moderate Waste
30742,97224,31.62,9,0.3162,48.44,167.89,137.84,Moderate Waste
41264,95284,43.31,10,0.4331,32.86,165.02,112.38,Moderate Waste
4095,92052,4.45,3,0.0445,27.82,133.7,82.07,Low Waste
55134,114429,48.18,13,0.4818,53.59,110.66,169.5,High Waste
11115,153464,7.24,3,0.0724,20.54,80.89,83.53,Low Waste
4947,140132,3.53,2,0.0353,36.63,125.51,62.88,Low Waste
43698,98350,44.43,6,0.4443,29.94,105.72,113.86,Moderate Waste
3520,159481,2.21,2,0.0221,39.41,143.24,87.78,Low Waste
12405,131302,9.45,5,0.0945,30.42,162.42,67.48,Low Waste
84628,132031,64.1,25,0.641,37.51,159.95,153.1,High Waste
95100,127241,74.74,13,0.7474,36.25,85.9,194.71,High Waste
87566,119899,73.03,23,0.7303,70.84,78.96,145.87,High Waste
9460,173480,5.45,1,0.0545,21.11,162.65,73.35,Low Waste
85971,117028,73.46,17,0.7346,43.45,70.2,136.33,High Waste
2870,142129,2.02,5,0.0202,37.63,146.46,51.22,Low Waste
23526,111378,21.12,6,0.2112,40.63,98.48,104.78,Moderate Waste
79132,155573,50.86,12,0.5086,38.51,103.63,121.74,High Waste
44856,115733,38.76,24,0.3876,47.95,95.6,69.82,High Waste
8088,104814,7.72,1,0.0772,36.78,155.43,59.93,Low Waste
98138,166907,58.8,15,0.588,21.23,94.0,136.49,High Waste
44740,142468,31.4,6,0.314,50.78,96.37,84.57,Moderate Waste
55454,167629,33.08,7,0.3308,49.44,104.17,147.69,Moderate Waste
52216,116921,44.66,12,0.4466,38.16,150.67,115.78,Moderate Waste
4858,94432,5.14,3,0.0514,29.75,126.03,85.1,Low Waste
10063,174252,5.78,5,0.0578,21.96,118.96,105.12,Low Waste
56603,96979,58.37,26,0.5837,45.92,123.42,172.03,High Waste
48865,164623,29.68,11,0.2968,33.0,116.55,125.65,Moderate Waste
47772,127671,37.42,5,0.3742,52.62,97.71,124.27,Moderate Waste
108219,151011,71.66,25,0.7166,50.79,139.46,120.49,High Waste
16545,173235,9.55,2,0.0955,25.19,107.7,57.85,Low Waste
12564,127422,9.86,2,0.0986,14.15,97.86,90.81,Low Waste
39972,99655,40.11,11,0.4011,22.83,152.48,76.67,Moderate Waste
18491,133799,13.82,2,0.1382,23.11,136.23,118.22,Low Waste
58613,148949,39.35,5,0.3935,38.36,81.94,101.94,Moderate Waste
19934,126574,15.75,4,0.1575,19.85,159.77,97.25,Low Waste
44041,90146,48.86,12,0.4886,43.78,106.26,175.94,High Waste
26979,157590,17.12,11,0.1712,30.19,80.13,126.49,Moderate Waste
59039,90396,65.31,29,0.6531,22.84,87.97,159.47,High Waste
68668,96779,70.95,22,0.7095,47.49,134.11,116.57,High Waste
65078,90967,71.54,14,0.7154,39.91,60.59,115.58,High Waste
84166,109601,76.79,27,0.7679,62.91,111.04,186.98,High Waste
13058,114348,11.42,3,0.1142,40.3,161.98,95.61,Low Waste
88910,179113,49.64,13,0.4964,45.8,57.2,134.08,High Waste
10367,115311,8.99,3,0.0899,25.03,170.33,69.96,Low Waste
82993,130929,63.39,29,0.6339,44.45,55.49,124.68,High Waste
59083,146228,40.4,8,0.404,16.51,164.53,101.81,Moderate Waste
51896,105062,49.4,19,0.494,49.4,85.56,104.85,High Waste
20877,144541,14.44,2,0.1444,20.39,171.81,24.95,Low Waste
10859,155429,6.99,3,0.0699,6.44,156.8,92.37,Low Waste
42722,101006,42.3,6,0.423,25.74,108.11,121.09,Moderate Waste
7063,101048,6.99,4,0.0699,12.2,114.75,109.25,Low Waste
13766,113698,12.11,6,0.1211,37.5,118.74,134.12,Moderate Waste
83757,166380,50.34,28,0.5034,27.64,56.36,132.86,High Waste
98313,149410,65.8,24,0.658,32.41,112.8,132.61,High Waste
66391,108848,60.99,16,0.6099,45.67,95.04,147.14,High Waste
52561,113570,46.28,13,0.4628,22.13,136.13,128.19,Moderate Waste
102248,146721,69.69,24,0.6969,45.43,68.24,114.86,High Waste
10968,137945,7.95,1,0.0795,15.56,128.38,99.76,Low Waste
11085,99306,11.16,2,0.1116,22.83,150.96,102.75,Low Waste
60813,171224,35.52,10,0.3552,17.87,137.85,147.98,Moderate Waste
40348,143304,28.16,12,0.2816,29.4,93.61,79.02,Moderate Waste
1863,151264,1.23,2,0.0123,24.69,104.8,44.74,Low Waste
77953,138651,56.22,20,0.5622,35.24,74.72,176.04,High Waste
5349,113981,4.69,1,0.0469,21.49,108.55,105.74,Low Waste
19829,143643,13.8,3,0.138,10.52,198.28,89.3,Low Waste
84639,135595,62.42,12,0.6242,31.41,148.4,111.99,High Waste
54634,138375,39.48,12,0.3948,26.89,107.68,173.04,Moderate Waste
42422,102870,41.24,11,0.4124,10.05,126.69,120.85,Moderate Waste
43973,97086,45.29,7,0.4529,35.37,83.07,116.27,Moderate Waste
43620,129252,33.75,10,0.3375,41.09,125.93,102.67,Moderate Waste
90677,129114,70.23,26,0.7023,27.27,133.32,146.43,High Waste
75620,109291,69.19,28,0.6919,29.85,83.99,149.75,High Waste
45258,137465,32.92,9,0.3292,21.53,138.06,94.92,Moderate Waste
7102,91107,7.8,4,0.078,26.42,144.21,102.69,Low Waste
36052,120473,29.93,11,0.2993,42.52,127.53,173.0,Moderate Waste
57307,127008,45.12,12,0.4512,36.71,129.91,134.43,Moderate Waste
57941,151669,38.2,8,0.382,33.52,89.33,114.51,Moderate Waste
53299,138897,38.37,11,0.3837,40.74,101.11,109.74,Moderate Waste
45394,134874,33.66,8,0.3366,33.07,100.63,155.19,Moderate Waste
65179,164537,39.61,7,0.3961,36.86,118.37,114.36,Moderate Waste
36887,121690,30.31,10,0.3031,40.72,154.19,115.57,Moderate Waste
84392,130192,64.82,17,0.6482,49.33,64.09,140.34,High Waste
15312,122975,12.45,1,0.1245,19.71,187.49,69.89,Low Waste
65207,151047,43.17,5,0.4317,31.58,80.04,131.28,Moderate Waste
8548,135569,6.31,1,0.0631,22.95,136.52,95.79,Low Waste
102904,152993,67.26,27,0.6726,57.0,98.2,115.36,High Waste
52694,157636,33.43,6,0.3343,26.26,144.21,126.33,Moderate Waste
10518,146962,7.16,5,0.0716,31.44,94.49,102.41,Low Waste
10791,103155,10.46,5,0.1046,20.75,152.97,70.91,Low Waste
121561,157463,77.2,18,0.772,43.81,119.32,170.18,High Waste
14719,124658,11.81,5,0.1181,31.59,157.46,101.7,Low Waste
69742,94458,73.83,21,0.7383,38.71,130.78,190.81,High Waste
71403,119831,59.59,16,0.5959,47.62,80.59,199.36,High Waste
106046,150172,70.62,19,0.7062,53.5,139.14,130.18,High Waste
4296,94985,4.52,4,0.0452,27.42,132.29,161.44,Low Waste
28927,165011,17.53,5,0.1753,27.98,149.0,83.46,Low Waste
76739,111734,68.68,29,0.6868,63.08,82.13,152.18,High Waste
10253,122563,8.37,3,0.0837,36.48,174.12,49.35,Low Waste
61660,92203,66.87,17,0.6687,39.09,76.88,110.5,High Waste
53136,138025,38.5,26,0.385,40.06,96.85,148.0,High Waste
23570,177075,13.31,3,0.1331,16.64,167.36,94.25,Low Waste
35928,172198,20.86,7,0.2086,30.88,101.11,75.72,Moderate Waste
72729,99834,72.85,23,0.7285,31.09,104.06,117.61,High Waste
7184,175397,4.1,4,0.041,29.91,142.83,72.15,Low Waste
10022,160152,6.26,1,0.0626,7.64,119.49,99.68,Low Waste
18855,117929,15.99,5,0.1599,18.6,151.0,90.78,Low Waste
31657,90984,34.79,12,0.3479,32.64,135.81,112.39,Moderate Waste
19750,170250,11.6,2,0.116,22.09,142.8,73.99,Low Waste
67881,94145,72.1,26,0.721,62.74,33.91,130.15,High Waste
10949,104514,10.48,1,0.1048,16.08,162.5,75.95,Low Waste
58769,168972,34.78,6,0.3478,41.27,120.65,94.32,Moderate Waste
31923,113614,28.1,9,0.281,22.45,84.66,80.65,Moderate Waste
87818,134451,65.32,21,0.6532,39.84,103.5,126.97,High Waste
2903,100964,2.88,3,0.0288,33.06,111.8,103.63,Low Waste
95822,161421,59.36,19,0.5936,28.09,85.13,162.64,High Waste
23173,178161,13.01,1,0.1301,23.26,134.39,67.12,Low Waste
128748,168740,76.3,23,0.763,51.85,73.34,142.95,High Waste
66124,142239,46.49,12,0.4649,27.1,115.78,124.54,Moderate Waste
81902,125772,65.12,19,0.6512,58.33,98.32,180.29,High Waste
48088,131253,36.64,10,0.3664,18.98,109.31,145.29,Moderate Waste
43168,96222,44.86,13,0.4486,28.23,71.69,155.4,Moderate Waste
89219,130951,68.13,23,0.6813,54.7,91.65,151.09,High Waste
81342,172209,47.23,6,0.4723,33.02,89.63,127.3,Moderate Waste
13620,123371,11.04,3,0.1104,35.52,149.24,82.48,Low Waste
103547,158686,65.25,13,0.6525,54.11,106.16,166.62,High Waste
30281,93557,32.37,9,0.3237,17.47,135.77,124.91,Moderate Waste
11691,107679,10.86,2,0.1086,31.84,136.94,75.99,Low Waste
2099,100307,2.09,5,0.0209,30.59,112.19,111.97,Low Waste
60957,97116,62.77,14,0.6277,17.73,123.39,115.19,High Waste
88593,120631,73.44,13,0.7344,60.57,125.3,160.64,High Waste
9946,125426,7.93,1,0.0793,38.92,155.04,74.93,Low Waste
165919,177312,93.57,25,0.9357,34.85,109.65,118.97,High Waste
65729,134030,49.04,18,0.4904,55.3,99.36,150.37,High Waste
75544,176318,42.85,13,0.4285,60.14,111.77,102.77,Moderate Waste
76722,119782,64.05,26,0.6405,33.84,101.58,97.15,High Waste
122650,159277,77.0,19,0.77,31.9,40.64,142.87,High Waste
12939,117085,11.05,3,0.1105,24.18,111.56,96.3,Low Waste
66022,176363,37.44,9,0.3744,29.47,69.93,101.23,Moderate Waste
51455,137479,37.43,5,0.3743,43.38,87.45,110.54,Moderate Waste
64062,177293,36.13,6,0.3613,27.01,107.78,155.21,Moderate Waste
97849,142677,68.58,26,0.6858,36.83,104.66,141.71,High Waste
128660,169759,75.79,23,0.7579,49.19,150.24,103.25,High Waste
32180,110550,29.11,13,0.2911,29.88,101.0,141.1,Moderate Waste
49965,124933,39.99,7,0.3999,24.88,121.96,111.06,Moderate Waste
89335,141828,62.99,21,0.6299,55.55,117.09,204.41,High Waste
96274,118964,80.93,24,0.8093,49.69,123.48,158.45,High Waste
7661,104897,7.3,5,0.073,23.63,136.43,92.56,Low Waste
39440,109956,35.87,5,0.3587,13.42,140.98,68.98,Moderate Waste
321,127131,0.25,1,0.0025,20.6,115.6,122.71,Low Waste
57047,165297,34.51,12,0.3451,31.62,99.73,156.64,Moderate Waste
77157,158046,48.82,13,0.4882,34.84,154.67,117.79,Moderate Waste
122430,143523,85.3,17,0.853,58.39,123.32,147.95,High Waste
65215,105826,61.63,26,0.6163,57.11,104.13,134.03,High Waste
44977,102805,43.75,14,0.4375,37.92,93.8,196.68,High Waste
81275,168308,48.29,12,0.4829,44.29,52.47,101.41,High Waste
18694,165921,11.27,2,0.1127,37.96,147.29,91.34,Low Waste
35641,111123,32.07,6,0.3207,18.41,89.68,99.54,Moderate Waste
53566,157811,33.94,9,0.3394,28.65,131.74,108.23,Moderate Waste
4360,105027,4.15,5,0.0415,16.42,114.27,84.77,Low Waste
11452,127720,8.97,2,0.0897,3.79,126.44,129.76,Low Waste
70576,161121,43.8,7,0.438,26.99,121.07,110.81,Moderate Waste
6549,167464,3.91,4,0.0391,23.38,128.33,91.57,Low Waste
13400,142888,9.38,3,0.0938,15.78,157.91,103.8,Low Waste
92674,158406,58.5,24,0.585,69.87,57.92,205.39,High Waste
44047,107372,41.02,5,0.4102,11.78,112.38,127.52,Moderate Waste
88168,114564,76.96,14,0.7696,50.19,63.87,134.91,High Waste
4615,160227,2.88,4,0.0288,28.02,137.11,121.18,Low Waste
61935,102728,60.29,17,0.6029,51.5,91.93,130.15,High Waste
37174,103494,35.92,10,0.3592,27.56,113.04,120.75,Moderate Waste
120954,149599,80.85,29,0.8085,47.84,98.71,181.62,High Waste
71762,114738,62.54,17,0.6254,48.59,43.29,150.72,High Waste
11625,108216,10.74,5,0.1074,29.52,119.75,102.23,Low Waste
46468,123199,37.72,9,0.3772,40.63,128.49,127.82,Moderate Waste
1911,116423,1.64,2,0.0164,28.56,147.15,55.08,Low Waste
71651,122949,58.28,18,0.5828,36.9,113.15,177.12,High Waste
21845,160446,13.62,2,0.1362,25.02,85.01,115.67,Low Waste
61153,168489,36.3,10,0.363,26.94,131.76,133.97,Moderate Waste
52447,174631,30.03,5,0.3003,51.82,85.43,120.78,Moderate Waste
71407,134706,53.01,17,0.5301,36.43,105.32,161.2,High Waste
15143,158849,9.53,4,0.0953,20.7,186.52,90.82,Low Waste
11438,134163,8.53,2,0.0853,23.53,131.51,88.62,Low Waste
33142,116456,28.46,9,0.2846,45.1,150.89,108.41,Moderate Waste
19098,174251,10.96,4,0.1096,22.97,141.41,71.4,Low Waste
4334,97893,4.43,1,0.0443,27.61,128.46,66.43,Low Waste
6070,97445,6.23,2,0.0623,19.0,135.32,41.96,Low Waste
86149,157149,54.82,12,0.5482,28.74,94.75,145.3,High Waste
100515,145070,69.29,17,0.6929,42.04,127.67,108.02,High Waste
4472,115780,3.86,2,0.0386,17.96,143.91,62.23,Low Waste
74825,165197,45.29,6,0.4529,39.69,134.04,141.52,Moderate Waste
16963,115624,14.67,4,0.1467,12.52,126.12,61.93,Low Waste
104369,169103,61.72,24,0.6172,45.67,86.9,156.57,High Waste
46522,172732,26.93,9,0.2693,41.66,137.98,106.46,Moderate Waste
2141,140845,1.52,4,0.0152,39.88,158.29,81.21,Low Waste
71105,100022,71.09,15,0.7109,41.97,103.89,144.33,High Waste
50910,149160,34.13,5,0.3413,31.27,165.62,119.28,Moderate Waste
40726,93049,43.77,5,0.4377,19.21,155.78,150.73,Moderate Waste
45268,110929,40.81,8,0.4081,35.52,112.39,148.04,Moderate Waste
60170,178846,33.64,7,0.3364,15.94,121.16,103.86,Moderate Waste
49066,119680,41.0,13,0.41,48.88,77.29,127.13,Moderate Waste
98194,159215,61.67,20,0.6167,28.3,81.77,151.55,High Waste
27419,90437,30.32,12,0.3032,21.25,103.68,134.68,Moderate Waste
30272,98724,30.66,10,0.3066,26.76,88.2,153.45,Moderate Waste
40251,126617,31.79,6,0.3179,30.13,138.88,90.2,Moderate Waste
53387,143411,37.23,9,0.3723,40.25,101.28,70.27,Moderate Waste
75467,158067,47.74,25,0.4774,36.83,72.64,151.98,High Waste
9317,99150,9.4,3,0.094,22.0,142.7,40.56,Low Waste
9870,150283,6.57,3,0.0657,28.28,147.81,120.54,Low Waste
19403,157028,12.36,1,0.1236,11.76,165.22,89.82,Low Waste
4257,110937,3.84,3,0.0384,29.19,162.64,53.2,Low Waste
61324,178804,34.3,9,0.343,42.59,182.32,103.03,Moderate Waste
23519,176270,13.34,1,0.1334,17.09,101.31,53.35,Low Waste
72554,125760,57.69,28,0.5769,44.72,78.02,174.01,High Waste
62323,98104,63.53,29,0.6353,56.33,123.13,172.83,High Waste
3588,152763,2.35,3,0.0235,13.77,164.98,117.73,Low Waste
64972,131435,49.43,21,0.4943,31.98,64.48,91.76,High Waste
69477,176127,39.45,5,0.3945,33.25,138.76,132.59,Moderate Waste
70312,102050,68.9,29,0.689,27.34,121.13,114.87,High Waste
35182,162243,21.69,12,0.2169,30.85,150.8,133.56,Moderate Waste
68696,100283,68.5,16,0.685,30.06,133.75,143.37,High Waste
38701,107773,35.91,5,0.3591,24.57,101.83,115.01,Moderate Waste
61523,96442,63.79,17,0.6379,19.76,118.41,156.15,High Waste
32591,93278,34.94,6,0.3494,26.52,119.03,149.16,Moderate Waste
56910,102294,55.63,12,0.5563,33.48,114.73,161.28,High Waste
37773,155108,24.35,7,0.2435,28.94,85.26,126.83,Moderate Waste
52825,104040,50.77,23,0.5077,52.44,85.51,162.43,High Waste
8386,171772,4.88,4,0.0488,25.5,146.6,92.54,Low Waste
49222,102974,47.8,7,0.478,23.86,157.01,113.75,Moderate Waste
37569,107830,34.84,12,0.3484,21.08,130.06,146.59,Moderate Waste
97257,137241,70.87,28,0.7087,34.31,83.06,170.55,High Waste
66327,111405,59.54,22,0.5954,16.77,74.57,100.17,High Waste
95111,135693,70.09,26,0.7009,35.78,61.32,137.41,High Waste
77962,128809,60.53,16,0.6053,47.45,111.76,145.83,High Waste
55277,99662,55.46,12,0.5546,29.27,66.35,161.38,High Waste
13696,139967,9.79,4,0.0979,32.09,145.76,58.39,Low Waste
105649,159767,66.13,22,0.6613,47.0,158.86,170.38,High Waste
30619,114947,26.64,8,0.2664,29.16,112.03,118.03,Moderate Waste
85322,139568,61.13,18,0.6113,26.98,83.13,180.78,High Waste
126012,178023,70.78,16,0.7078,43.23,61.62,146.32,High Waste
22177,140328,15.8,2,0.158,28.5,128.14,106.53,Low Waste
19138,117355,16.31,5,0.1631,15.07,133.49,73.96,Low Waste
81080,100088,81.01,29,0.8101,33.4,85.39,170.09,High Waste
16009,142300,11.25,5,0.1125,40.47,147.56,92.2,Low Waste
14972,147947,10.12,1,0.1012,27.82,177.25,81.86,Low Waste
35720,108806,32.83,9,0.3283,33.07,120.37,126.12,Moderate Waste
103567,164389,63.0,19,0.63,21.9,113.16,92.17,High Waste
8992,147823,6.08,3,0.0608,8.89,129.24,61.16,Low Waste
43675,112909,38.68,7,0.3868,33.77,124.65,113.65,Moderate Waste
36641,126213,29.03,12,0.2903,16.14,136.65,122.91,Moderate Waste
59044,93278,63.3,22,0.633,34.18,59.91,148.53,High Waste
65152,164617,39.58,7,0.3958,18.85,90.41,108.33,Moderate Waste
73012,114718,63.64,12,0.6364,36.66,90.26,187.53,High Waste
32868,92253,35.63,10,0.3563,19.88,89.61,108.95,Moderate Waste
71354,115695,61.67,15,0.6167,46.11,136.64,139.61,High Waste
43009,164763,26.1,11,0.261,26.17,152.07,133.8,Moderate Waste
48094,142755,33.69,6,0.3369,32.3,143.12,91.56,Moderate Waste
112910,134197,84.14,13,0.8414,46.27,71.1,193.72,High Waste
39439,139973,28.18,11,0.2818,28.03,110.63,118.22,Moderate Waste
43307,136491,31.73,7,0.3173,42.79,164.77,103.51,Moderate Waste
9601,143202,6.7,2,0.067,31.2,147.77,77.68,Low Waste
113644,152077,74.73,17,0.7473,40.9,101.75,148.14,High Waste
8868,160628,5.52,4,0.0552,24.64,151.55,90.37,Low Waste
56623,123150,45.98,11,0.4598,41.77,129.08,125.86,Moderate Waste
15230,167273,9.11,3,0.0911,30.06,141.88,120.32,Low Waste
9689,158502,6.11,1,0.0611,21.14,121.68,115.39,Low Waste
5286,127520,4.15,1,0.0415,27.06,115.02,92.36,Low Waste
63497,135338,46.92,29,0.4692,35.06,163.99,168.26,High Waste
36592,108392,33.76,6,0.3376,54.34,128.71,111.98,Moderate Waste
29283,115669,25.32,13,0.2532,32.9,113.45,116.74,Moderate Waste
8905,156508,5.69,3,0.0569,36.88,171.56,76.73,Low Waste
61752,127360,48.49,14,0.4849,11.8,80.93,156.17,High Waste
10331,93942,11.0,2,0.11,15.12,131.62,41.18,Low Waste
101505,160813,63.12,28,0.6312,45.17,173.38,153.23,High Waste
10143,100776,10.07,4,0.1007,16.74,153.42,72.01,Low Waste
71896,99648,72.15,22,0.7215,39.21,98.37,140.6,High Waste
28680,159560,17.97,6,0.1797,42.49,70.75,63.62,Moderate Waste
63459,151114,41.99,5,0.4199,38.01,115.72,98.92,Moderate Waste
79404,169922,46.73,11,0.4673,46.27,128.21,124.88,Moderate Waste
49051,140182,34.99,6,0.3499,48.48,181.16,120.01,Moderate Waste
41931,122992,34.09,13,0.3409,41.39,101.47,100.55,Moderate Waste
75566,130211,58.03,24,0.5803,36.0,58.52,171.65,High Waste
10561,131269,8.05,3,0.0805,2.06,141.91,95.86,Low Waste
26503,163491,16.21,1,0.1621,37.42,135.92,97.36,Low Waste
9165,94676,9.68,3,0.0968,20.01,135.45,91.41,Low Waste
0,107517,0.0,5,0.0,31.05,139.82,90.99,Low Waste
0,98558,0.0,5,0.0,34.52,113.23,109.31,Low Waste
56371,137487,41.0,7,0.41,36.2,104.2,156.36,Moderate Waste
784,115949,0.68,3,0.0068,34.5,134.58,108.68,Low Waste
14235,116718,12.2,5,0.122,8.32,130.13,47.14,Low Waste
8941,130442,6.86,1,0.0686,22.79,143.57,103.57,Low Waste
46810,134690,34.75,13,0.3475,48.77,99.9,144.22,Moderate Waste
14928,160265,9.31,3,0.0931,31.45,115.05,126.96,Low Waste
62961,161597,38.96,11,0.3896,21.71,153.75,138.87,Moderate Waste
1461,162371,0.9,4,0.009,15.18,146.42,97.6,Low Waste
25208,142568,17.68,4,0.1768,29.16,146.61,86.75,Low Waste
78591,147938,53.12,18,0.5312,57.72,139.74,183.94,High Waste
58267,101808,57.23,26,0.5723,38.77,54.66,145.73,High Waste
61612,102314,60.22,25,0.6022,37.77,121.58,154.38,High Waste
15566,166806,9.33,5,0.0933,36.78,137.72,72.7,Low Waste
57516,130193,44.18,15,0.4418,47.08,150.22,153.36,High Waste
50661,173356,29.22,12,0.2922,42.76,86.99,126.15,Moderate Waste
38410,118769,32.34,13,0.3234,41.75,128.09,139.95,Moderate Waste
35227,143291,24.58,6,0.2458,41.1,117.48,138.67,Moderate Waste
92247,122769,75.14,12,0.7514,58.23,148.58,155.91,High Waste
79270,121028,65.5,24,0.655,43.84,55.9,142.4,High Waste
44030,158602,27.76,12,0.2776,39.74,127.02,101.66,Moderate Waste
45622,143567,31.78,7,0.3178,25.26,127.05,114.65,Moderate Waste
31785,161430,19.69,10,0.1969,23.78,153.68,94.15,Moderate Waste
109460,179721,60.91,26,0.6091,24.11,97.98,151.04,High Waste
16073,148732,10.81,3,0.1081,2.78,160.5,70.05,Low Waste
81078,109020,74.37,23,0.7437,35.36,100.67,243.06,High Waste
4813,124151,3.88,1,0.0388,17.28,144.07,128.59,Low Waste
89759,134608,66.68,24,0.6668,30.08,134.45,143.87,High Waste
110968,156613,70.85,12,0.7085,44.59,104.38,162.4,High Waste
39456,94657,41.68,10,0.4168,38.2,100.26,75.88,Moderate Waste
75673,106894,70.79,28,0.7079,24.98,116.08,156.88,High Waste
33592,105563,31.82,10,0.3182,40.89,155.17,56.52,Moderate Waste
80011,168871,47.38,28,0.4738,37.6,130.27,141.97,High Waste
18422,150156,12.27,4,0.1227,25.82,168.77,52.57,Low Waste
65252,152349,42.83,11,0.4283,29.63,101.85,130.35,Moderate Waste
10445,130154,8.03,3,0.0803,26.81,136.74,44.29,Low Waste
72956,111092,65.67,12,0.6567,40.37,95.5,126.77,High Waste
44454,154819,28.71,6,0.2871,36.26,89.61,129.61,Moderate Waste
11836,105416,11.23,4,0.1123,28.3,129.67,70.03,Low Waste
91439,148652,61.51,23,0.6151,40.2,98.47,168.67,High Waste
1443,93912,1.54,1,0.0154,21.42,175.97,99.49,Low Waste
31625,142876,22.13,12,0.2213,24.77,125.08,131.0,Moderate Waste
124257,168121,73.91,17,0.7391,52.02,149.29,152.34,High Waste
16877,143963,11.72,3,0.1172,28.51,150.13,157.6,Low Waste
61507,136978,44.9,5,0.449,18.38,106.32,97.3,Moderate Waste
58711,127778,45.95,11,0.4595,28.71,61.65,119.33,Moderate Waste
43327,103511,41.86,5,0.4186,37.54,86.94,90.38,Moderate Waste
35582,179550,19.82,6,0.1982,36.85,113.15,95.93,Moderate Waste
62423,114523,54.51,12,0.5451,53.55,123.3,151.0,High Waste
13934,136697,10.19,5,0.1019,18.11,127.3,102.13,Low Waste
75641,172976,43.73,20,0.4373,17.66,98.14,155.03,High Waste
27433,101390,27.06,12,0.2706,27.82,154.9,88.67,Moderate Waste
883,131019,0.67,3,0.0067,26.44,118.57,36.1,Low Waste
6847,158627,4.32,2,0.0432,27.82,128.69,63.11,Low Waste
5855,99822,5.87,2,0.0587,28.29,155.24,93.25,Low Waste
53049,129329,41.02,7,0.4102,38.11,130.04,110.33,Moderate Waste
26638,98136,27.14,5,0.2714,22.96,78.51,127.08,Moderate Waste
47146,96175,49.02,11,0.4902,31.44,108.9,86.71,Moderate Waste
51979,134665,38.6,11,0.386,17.95,141.33,129.98,Moderate Waste
32875,91483,35.94,7,0.3594,13.04,161.61,128.57,Moderate Waste
1769,164219,1.08,4,0.0108,33.36,110.16,55.52,Low Waste
35374,124621,28.39,6,0.2839,23.56,155.58,115.87,Moderate Waste
26621,99517,26.75,5,0.2675,33.15,118.43,150.24,Moderate Waste
24122,174234,13.84,5,0.1384,24.82,126.75,69.77,Low Waste
60048,151471,39.64,6,0.3964,37.26,127.05,134.99,Moderate Waste
30193,94252,32.03,11,0.3203,43.35,131.38,102.34,Moderate Waste
53122,153736,34.55,9,0.3455,26.08,170.55,95.88,Moderate Waste
10365,118433,8.75,1,0.0875,44.66,116.73,95.96,Low Waste
9651,133407,7.23,1,0.0723,28.6,114.64,62.66,Low Waste
85314,116943,72.95,15,0.7295,50.41,91.79,130.44,High Waste
50878,135876,37.44,11,0.3744,37.5,89.7,166.1,Moderate Waste
34021,133840,25.42,5,0.2542,37.39,101.83,117.1,Moderate Waste
10226,149788,6.83,5,0.0683,34.06,149.19,115.6,Low Waste
52816,150065,35.2,13,0.352,18.64,125.22,98.63,Moderate Waste
75218,94380,79.7,19,0.797,25.47,110.25,129.2,High Waste
15253,116585,13.08,11,0.1308,16.6,84.14,134.21,Moderate Waste
13316,151474,8.79,4,0.0879,20.99,108.64,96.85,Low Waste
43662,122854,35.54,11,0.3554,21.91,116.45,156.72,Moderate Waste
12617,123383,10.23,1,0.1023,33.15,151.02,68.22,Low Waste
8358,123676,6.76,2,0.0676,16.02,123.38,77.66,Low Waste
0,147560,0.0,2,0.0,26.36,129.3,94.88,Low Waste
37751,127820,29.54,9,0.2954,42.17,73.68,124.27,Moderate Waste
17855,175142,10.19,1,0.1019,30.94,140.75,116.71,Low Waste
7759,101889,7.62,2,0.0762,28.01,129.43,92.69,Low Waste
11585,127463,9.09,3,0.0909,30.2,145.64,103.27,Low Waste
71380,109382,65.26,28,0.6526,30.78,113.64,133.19,High Waste
10105,97888,10.32,1,0.1032,26.95,149.0,108.12,Low Waste
60156,175398,34.3,13,0.343,27.15,115.71,101.89,Moderate Waste
94162,128510,73.27,14,0.7327,33.23,95.16,194.57,High Waste
117446,178313,65.87,17,0.6587,27.24,68.89,140.34,High Waste
42453,130598,32.51,7,0.3251,28.88,92.46,82.61,Moderate Waste
89812,115809,77.55,14,0.7755,49.41,100.77,115.64,High Waste
32619,94416,34.55,12,0.3455,34.26,129.38,150.11,Moderate Waste
122874,148310,82.85,22,0.8285,43.55,109.74,125.96,High Waste
66749,159089,41.96,7,0.4196,22.8,120.31,96.67,Moderate Waste
40426,140698,28.73,13,0.2873,23.54,73.2,144.53,Moderate Waste
13136,139822,9.4,1,0.094,17.35,133.87,80.39,Low Waste
41494,140433,29.55,8,0.2955,39.18,152.74,128.81,Moderate Waste
75814,152705,49.65,10,0.4965,37.11,153.81,128.16,Moderate Waste
57731,143680,40.18,6,0.4018,32.56,121.77,93.68,Moderate Waste
124909,173171,72.13,29,0.7213,51.26,111.69,196.15,High Waste
102281,153847,66.48,14,0.6648,20.88,124.92,136.39,High Waste
8522,138246,6.16,1,0.0616,27.0,152.8,109.43,Low Waste
2250,111299,2.02,4,0.0202,29.56,159.48,114.91,Low Waste
79701,113851,70.0,17,0.7,42.05,121.5,187.94,High Waste
83764,125995,66.48,15,0.6648,47.45,98.48,153.79,High Waste
4813,110931,4.34,2,0.0434,31.76,148.2,109.62,Low Waste
59165,132988,44.49,7,0.4449,36.42,102.52,133.76,Moderate Waste
13119,133972,9.79,1,0.0979,19.8,133.75,54.88,Low Waste
8101,100663,8.05,2,0.0805,31.63,141.44,63.06,Low Waste
13199,162392,8.13,4,0.0813,15.44,146.48,104.55,Low Waste
89317,131327,68.01,29,0.6801,38.39,0.0,179.65,High Waste
43041,115872,37.15,7,0.3715,33.86,121.29,121.53,Moderate Waste
48386,123775,39.09,10,0.3909,32.18,127.41,96.04,Moderate Waste
9237,131651,7.02,3,0.0702,41.03,137.17,74.27,Low Waste
112938,179788,62.82,12,0.6282,44.55,84.38,188.66,High Waste
92929,135149,68.76,18,0.6876,47.02,122.72,192.58,High Waste
34182,92842,36.82,6,0.3682,40.63,121.7,120.73,Moderate Waste
113542,172146,65.96,19,0.6596,49.68,91.38,162.86,High Waste
99190,142111,69.8,20,0.698,47.21,154.36,126.96,High Waste
8797,128329,6.86,2,0.0686,15.53,142.92,106.49,Low Waste
64625,148731,43.45,12,0.4345,35.85,139.75,146.13,Moderate Waste
63351,152266,41.61,5,0.4161,9.41,138.98,86.8,Moderate Waste
5853,126767,4.62,1,0.0462,13.98,169.34,101.88,Low Waste
10416,117136,8.89,5,0.0889,47.47,110.86,135.22,Low Waste
26848,102040,26.31,9,0.2631,30.26,116.32,103.93,Moderate Waste
16545,123341,13.41,2,0.1341,25.42,184.59,106.61,Low Waste
99359,148857,66.75,29,0.6675,55.45,113.99,186.39,High Waste
39181,177713,22.05,7,0.2205,29.68,110.83,73.97,Moderate Waste
50576,106929,47.3,13,0.473,36.66,141.54,117.17,Moderate Waste
80800,167431,48.26,8,0.4826,39.04,105.51,137.17,Moderate Waste
10664,143499,7.43,2,0.0743,38.47,91.72,137.91,Low Waste
2838,91254,3.11,5,0.0311,27.92,158.86,70.82,Low Waste
48682,112254,43.37,10,0.4337,15.72,108.15,127.63,Moderate Waste
64649,114424,56.5,21,0.565,32.51,133.31,113.95,High Waste
40323,96063,41.98,11,0.4198,40.26,115.55,129.4,Moderate Waste
8685,127674,6.8,5,0.068,32.33,130.17,80.89,Low Waste
124167,161137,77.06,17,0.7706,41.65,116.99,130.9,High Waste
0,149572,0.0,2,0.0,23.77,159.26,106.39,Low Waste
8643,92044,9.39,4,0.0939,28.64,112.79,106.96,Low Waste
41082,119420,34.4,11,0.344,37.16,114.2,139.39,Moderate Waste
20283,163261,12.42,4,0.1242,24.52,140.81,93.93,Low Waste
48116,177486,27.11,5,0.2711,34.55,118.4,97.82,Moderate Waste
87958,129262,68.05,29,0.6805,56.45,121.34,149.15,High Waste
38403,126384,30.39,7,0.3039,35.25,73.69,121.98,Moderate Waste
77933,131674,59.19,21,0.5919,17.7,99.39,192.34,High Waste
95138,129886,73.25,15,0.7325,54.75,114.96,194.58,High Waste
55891,179599,31.12,10,0.3112,20.1,114.22,105.13,Moderate Waste
36434,168242,21.66,7,0.2166,43.04,156.45,175.97,Moderate Waste
46765,94039,49.73,13,0.4973,28.87,137.41,138.32,Moderate Waste
83489,107700,77.52,20,0.7752,63.02,33.93,142.13,High Waste
82831,120893,68.52,18,0.6852,31.69,121.14,152.19,High Waste
16161,145454,11.11,1,0.1111,27.16,111.16,98.1,Low Waste
9824,143944,6.82,4,0.0682,28.34,146.91,102.22,Low Waste
37849,93885,40.31,5,0.4031,47.1,149.77,108.46,Moderate Waste
33134,107818,30.73,10,0.3073,4.96,107.58,106.01,Moderate Waste
14611,177806,8.22,4,0.0822,22.58,146.73,97.54,Low Waste
0,133008,0.0,5,0.0,7.97,129.36,110.47,Low Waste
57877,169529,34.14,11,0.3414,50.77,125.88,103.29,Moderate Waste
53621,118814,45.13,8,0.4513,38.89,139.62,125.49,Moderate Waste
75687,116403,65.02,15,0.6502,50.42,86.46,148.81,High Waste
86824,141023,61.57,17,0.6157,44.72,90.58,149.7,High Waste
105184,144465,72.81,21,0.7281,41.22,57.35,142.53,High Waste
19756,160087,12.34,3,0.1234,12.65,112.54,94.99,Low Waste
47370,136929,34.59,7,0.3459,41.76,100.47,166.26,Moderate Waste
34809,129341,26.91,12,0.2691,17.23,130.51,121.84,Moderate Waste
17550,140871,12.46,1,0.1246,18.13,145.8,39.06,Low Waste
10557,106334,9.93,4,0.0993,24.6,163.83,82.27,Low Waste
92311,162384,56.85,14,0.5685,24.87,116.36,175.11,High Waste
9054,91605,9.88,1,0.0988,35.32,140.93,70.25,Low Waste
17868,176006,10.15,5,0.1015,19.3,150.16,87.65,Low Waste
4829,114027,4.24,1,0.0424,23.05,97.31,111.66,Low Waste
97805,151609,64.51,16,0.6451,32.24,65.41,227.81,High Waste
11558,118299,9.77,1,0.0977,21.99,174.2,98.31,Low Waste
0,128888,0.0,5,0.0,29.91,127.51,116.78,Low Waste
55167,93644,58.91,28,0.5891,51.9,133.51,114.6,High Waste
10764,148673,7.24,1,0.0724,25.69,139.66,80.08,Low Waste
90465,127258,71.09,29,0.7109,52.15,92.13,133.22,High Waste
11164,130534,8.55,1,0.0855,39.35,129.15,96.85,Low Waste
44217,120512,36.69,8,0.3669,18.83,149.79,157.72,Moderate Waste
73776,121996,60.47,18,0.6047,39.52,93.87,172.76,High Waste
14674,166548,8.81,4,0.0881,28.24,114.09,82.51,Low Waste
81803,120632,67.81,18,0.6781,35.16,109.42,208.45,High Waste
51925,117686,44.12,5,0.4412,31.37,96.85,135.87,Moderate Waste
73981,135054,54.78,23,0.5478,42.98,129.73,148.78,High Waste
8690,132614,6.55,2,0.0655,24.21,136.59,64.57,Low Waste
48753,128555,37.92,12,0.3792,28.87,76.64,117.65,Moderate Waste
62589,114809,54.52,22,0.5452,36.01,68.44,157.96,High Waste
30405,117493,25.88,7,0.2588,36.85,115.54,59.53,Moderate Waste
8854,179313,4.94,5,0.0494,15.5,132.16,94.11,Low Waste
107638,171807,62.65,23,0.6265,42.0,139.15,130.57,High Waste
96220,138876,69.28,16,0.6928,60.28,106.75,182.51,High Waste
41908,111303,37.65,5,0.3765,32.65,112.95,110.1,Moderate Waste
57608,100374,57.39,26,0.5739,46.25,128.6,137.0,High Waste
15813,160745,9.84,2,0.0984,31.96,126.56,48.54,Low Waste
43746,140028,31.24,11,0.3124,28.52,80.31,116.35,Moderate Waste
56744,100981,56.19,23,0.5619,20.57,86.72,110.21,High Waste
907,161932,0.56,5,0.0056,18.62,132.23,87.63,Low Waste
3636,115934,3.14,5,0.0314,19.6,152.82,112.78,Low Waste
35140,123955,28.35,6,0.2835,28.97,94.34,92.93,Moderate Waste
51806,91696,56.5,17,0.565,51.91,82.02,117.45,High Waste
6384,95990,6.65,1,0.0665,16.99,150.06,106.5,Low Waste
59953,111836,53.61,26,0.5361,39.93,82.53,184.07,High Waste
52720,101758,51.81,27,0.5181,44.55,84.47,138.57,High Waste
58183,92093,63.18,13,0.6318,47.94,37.46,115.76,High Waste
62754,107157,58.56,25,0.5856,31.3,74.76,156.58,High Waste
50311,179018,28.1,10,0.281,27.05,71.53,100.87,Moderate Waste
92471,167800,55.11,29,0.5511,36.11,157.82,135.68,High Waste
50999,144355,35.33,5,0.3533,29.69,104.09,161.94,Moderate Waste
61143,120808,50.61,18,0.5061,45.88,144.95,123.16,High Waste
98318,151286,64.99,16,0.6499,61.74,106.56,180.32,High Waste
33405,165820,20.15,6,0.2015,35.2,156.7,131.74,Moderate Waste
50341,149869,33.59,10,0.3359,27.59,93.45,130.91,Moderate Waste
78555,114564,68.57,28,0.6857,45.11,141.0,106.59,High Waste
7019,147057,4.77,4,0.0477,21.09,134.95,134.43,Low Waste
65291,112133,58.23,17,0.5823,40.79,36.28,147.89,High Waste
9682,107979,8.97,4,0.0897,40.68,149.05,99.8,Low Waste
9898,160550,6.17,3,0.0617,21.35,122.92,125.31,Low Waste
2249,129502,1.74,1,0.0174,22.9,146.19,79.91,Low Waste
50362,171025,29.45,5,0.2945,21.8,129.93,146.31,Moderate Waste
57175,135647,42.15,8,0.4215,18.91,88.03,129.84,Moderate Waste
66908,158878,42.11,12,0.4211,25.79,115.03,129.03,Moderate Waste
17595,121218,14.52,5,0.1452,34.07,125.7,74.6,Low Waste
30722,114402,26.86,9,0.2686,24.39,118.61,130.18,Moderate Waste
32745,95456,34.3,6,0.343,14.39,72.55,127.4,Moderate Waste
72261,108059,66.87,23,0.6687,28.15,91.18,179.31,High Waste
34997,105328,33.23,5,0.3323,12.83,85.97,89.61,Moderate Waste
51957,112702,46.1,24,0.461,31.78,128.96,149.1,High Waste
25654,123261,20.81,6,0.2081,28.74,133.17,116.07,Moderate Waste
46212,134935,34.25,7,0.3425,42.81,121.4,162.31,Moderate Waste
8177,112804,7.25,4,0.0725,9.98,138.18,92.45,Low Waste
13946,154598,9.02,4,0.0902,32.68,196.19,74.6,Low Waste
15580,159656,9.76,1,0.0976,30.88,136.71,65.41,Low Waste
26402,173811,15.19,2,0.1519,20.79,113.76,99.86,Low Waste
90226,163329,55.24,26,0.5524,29.5,66.96,201.72,High Waste
77874,143835,54.14,7,0.5414,34.6,117.74,119.22,Moderate Waste
69683,169798,41.04,8,0.4104,29.34,150.93,105.99,Moderate Waste
44691,120092,37.21,7,0.3721,24.73,128.08,102.1,Moderate Waste
3416,113036,3.02,1,0.0302,25.88,127.43,64.39,Low Waste
46897,153339,30.58,10,0.3058,44.08,102.47,144.19,Moderate Waste
9157,134459,6.81,4,0.0681,35.43,179.95,78.25,Low Waste
107678,173071,62.22,24,0.6222,48.05,133.96,166.9,High Waste
62283,169770,36.69,11,0.3669,31.39,115.86,140.44,Moderate Waste
12709,103708,12.26,4,0.1226,12.26,94.79,60.14,Low Waste
123342,151406,81.46,15,0.8146,2.42,93.57,129.39,High Waste
9182,170410,5.39,3,0.0539,17.12,121.2,71.64,Low Waste
77012,133064,57.88,17,0.5788,44.86,88.15,96.78,High Waste
66908,104176,64.23,24,0.6423,27.94,196.24,150.27,High Waste
5960,168074,3.55,5,0.0355,27.62,145.66,92.84,Low Waste
11172,129304,8.64,1,0.0864,25.88,137.9,82.52,Low Waste
9090,173260,5.25,4,0.0525,25.82,106.35,119.76,Low Waste
17873,160109,11.16,5,0.1116,31.37,164.57,93.96,Low Waste
102738,131636,78.05,14,0.7805,35.44,110.86,139.75,High Waste
6267,162395,3.86,4,0.0386,22.22,136.72,95.28,Low Waste
99189,132446,74.89,26,0.7489,42.35,145.79,198.33,High Waste
63924,164408,38.88,13,0.3888,4.51,120.24,99.4,Moderate Waste
58300,163750,35.6,11,0.356,28.59,115.55,95.98,Moderate Waste
113244,169519,66.8,17,0.668,44.46,113.82,147.62,High Waste
42139,141627,29.75,13,0.2975,35.31,109.26,103.7,Moderate Waste
4205,97604,4.31,5,0.0431,20.51,112.05,91.11,Low Waste
70784,148366,47.71,19,0.4771,32.56,95.39,166.51,High Waste
13350,139936,9.54,5,0.0954,21.93,123.94,67.27,Low Waste
7127,103886,6.86,4,0.0686,36.54,184.59,40.65,Low Waste
22817,92138,24.76,13,0.2476,45.05,108.79,110.73,Moderate Waste
15579,164800,9.45,5,0.0945,18.9,140.59,42.67,Low Waste
56384,90545,62.27,26,0.6227,47.21,159.68,159.95,High Waste
11901,175760,6.77,3,0.0677,27.18,128.37,45.59,Low Waste
66358,126902,52.29,19,0.5229,42.75,94.35,116.11,High Waste
7744,174243,4.44,1,0.0444,25.01,125.43,112.7,Low Waste
57544,166826,34.49,6,0.3449,42.09,126.69,119.51,Moderate Waste
80521,109883,73.28,19,0.7328,49.75,113.56,122.4,High Waste
30059,176228,17.06,9,0.1706,46.21,127.88,148.95,Moderate Waste
40856,113645,35.95,9,0.3595,23.23,97.33,134.72,Moderate Waste
8769,111054,7.9,5,0.079,26.2,185.99,85.78,Low Waste
114155,162238,70.36,16,0.7036,31.37,115.87,193.18,High Waste
22317,101145,22.06,11,0.2206,28.55,114.31,102.87,Moderate Waste
10851,173972,6.24,1,0.0624,7.0,104.46,73.49,Low Waste
15533,154386,10.06,3,0.1006,17.59,144.77,87.71,Low Waste
84420,139438,60.54,25,0.6054,32.79,117.28,112.46,High Waste
16493,142295,11.59,3,0.1159,25.63,144.21,13.81,Low Waste
66207,106103,62.4,15,0.624,42.72,105.24,179.21,High Waste
55460,125645,44.14,6,0.4414,37.95,128.03,115.3,Moderate Waste
66482,117328,56.66,24,0.5666,36.95,124.86,133.61,High Waste
11557,149549,7.73,2,0.0773,21.71,154.59,79.24,Low Waste
24548,164941,14.88,4,0.1488,8.14,143.63,68.01,Low Waste
6675,98675,6.77,3,0.0677,25.07,139.55,70.42,Low Waste
78930,112073,70.43,25,0.7043,18.84,76.73,127.54,High Waste
45726,161304,28.35,7,0.2835,29.19,108.84,104.77,Moderate Waste
42245,120447,35.07,5,0.3507,41.44,124.58,131.94,Moderate Waste
55005,117583,46.78,17,0.4678,48.62,31.8,161.49,High Waste
55971,96632,57.92,15,0.5792,37.1,143.56,106.33,High Waste
28959,105708,27.4,12,0.274,43.49,155.74,142.24,Moderate Waste
43070,158085,27.24,10,0.2724,37.46,87.73,124.04,Moderate Waste
3315,160054,2.07,5,0.0207,22.0,153.03,89.99,Low Waste
67414,173097,38.95,6,0.3895,37.25,125.78,168.75,Moderate Waste
37224,100750,36.95,7,0.3695,27.79,117.65,125.38,Moderate Waste
53857,130073,41.41,12,0.4141,38.57,129.88,195.59,Moderate Waste
112072,142132,78.85,12,0.7885,25.55,16.64,125.87,High Waste
6291,159688,3.94,2,0.0394,24.13,157.86,93.18,Low Waste
103439,143008,72.33,22,0.7233,36.79,141.24,143.1,High Waste
71244,145120,49.09,23,0.4909,47.59,125.92,150.72,High Waste
19608,133143,14.73,2,0.1473,15.98,115.67,160.32,Low Waste
45197,158778,28.47,5,0.2847,32.85,104.31,129.05,Moderate Waste
26609,172887,15.39,3,0.1539,10.54,163.39,102.45,Low Waste
29304,101196,28.96,5,0.2896,18.76,84.46,131.8,Moderate Waste
136639,165997,82.31,29,0.8231,39.55,105.16,157.19,High Waste
31558,109464,28.83,7,0.2883,31.38,100.86,126.41,Moderate Waste
10053,130888,7.68,5,0.0768,27.33,117.57,105.08,Low Waste
70308,139068,50.56,12,0.5056,37.46,93.98,128.41,Moderate Waste
10596,129158,8.2,1,0.082,13.66,137.08,75.35,Low Waste
16587,164486,10.08,1,0.1008,19.17,133.52,101.06,Low Waste
89423,136096,65.71,20,0.6571,48.68,113.01,179.41,High Waste
87102,115218,75.6,15,0.756,43.5,89.58,198.43,High Waste
60440,146846,41.16,8,0.4116,34.16,127.58,133.33,Moderate Waste
8836,132398,6.67,2,0.0667,18.9,137.12,57.24,Low Waste
12182,94804,12.85,2,0.1285,19.97,108.66,104.58,Low Waste
78532,106877,73.48,28,0.7348,33.9,22.22,123.82,High Waste
12949,168750,7.67,1,0.0767,25.78,118.0,133.06,Low Waste
129113,168968,76.41,29,0.7641,22.93,100.84,175.65,High Waste
18172,120027,15.14,5,0.1514,29.5,127.62,108.29,Low Waste
107122,155169,69.04,25,0.6904,32.93,127.79,144.87,High Waste
65394,121308,53.91,29,0.5391,30.72,157.23,134.3,High Waste
103302,159354,64.83,23,0.6483,46.07,69.67,131.36,High Waste
52127,175500,29.7,12,0.297,34.66,109.66,103.0,Moderate Waste
85565,133102,64.29,17,0.6429,50.77,109.52,157.33,High Waste
75361,166289,45.32,10,0.4532,42.87,100.46,99.78,Moderate Waste
52146,96344,54.12,19,0.5412,67.45,83.84,146.21,High Waste
100148,117309,85.37,14,0.8537,41.93,98.9,157.23,High Waste
41546,116308,35.72,7,0.3572,13.56,146.3,81.44,Moderate Waste
4232,151748,2.79,3,0.0279,29.45,113.06,102.03,Low Waste
59039,137917,42.81,9,0.4281,32.64,127.4,93.79,Moderate Waste
93726,166487,56.3,25,0.563,38.07,136.17,164.31,High Waste
61115,94772,64.49,23,0.6449,35.11,115.84,202.83,High Waste
10889,103300,10.54,1,0.1054,21.72,119.39,106.94,Low Waste
38417,107726,35.66,11,0.3566,35.8,86.56,139.38,Moderate Waste
8815,95247,9.26,5,0.0926,28.29,141.81,116.09,Low Waste
88749,114680,77.39,26,0.7739,44.63,60.04,157.48,High Waste
55233,133333,41.43,22,0.4143,33.58,117.17,179.82,High Waste
33900,102472,33.08,6,0.3308,31.61,92.49,118.13,Moderate Waste
85109,150765,56.45,25,0.5645,11.75,151.18,194.58,High Waste
66820,142667,46.84,8,0.4684,25.31,153.79,178.9,Moderate Waste
14250,105909,13.46,5,0.1346,28.96,117.0,101.33,Low Waste
72158,138051,52.27,12,0.5227,38.9,127.73,99.85,Moderate Waste
85661,152754,56.08,13,0.5608,35.03,143.19,117.65,Moderate Waste
58005,149791,38.72,7,0.3872,16.64,86.4,135.18,Moderate Waste
8974,135094,6.64,4,0.0664,23.17,139.73,74.6,Low Waste
113255,139714,81.06,13,0.8106,32.66,129.95,163.54,High Waste
38763,123906,31.28,6,0.3128,35.95,80.45,130.38,Moderate Waste
138709,178201,77.84,23,0.7784,32.48,115.23,141.06,High Waste
57447,106363,54.01,16,0.5401,29.42,84.94,172.31,High Waste
64999,114633,56.7,21,0.567,44.05,131.47,169.24,High Waste
15462,173408,8.92,3,0.0892,24.12,102.58,43.7,Low Waste
24955,164285,15.19,3,0.1519,36.79,169.25,80.66,Low Waste
25391,104939,24.2,5,0.242,32.4,112.1,122.5,Moderate Waste
39149,157326,24.88,7,0.2488,33.66,143.38,95.0,Moderate Waste
3781,153023,2.47,4,0.0247,22.08,121.77,106.84,Low Waste
26267,162742,16.14,3,0.1614,26.47,108.66,91.41,Low Waste
34307,121084,28.33,6,0.2833,37.65,118.46,85.81,Moderate Waste
66301,173874,38.13,6,0.3813,39.82,135.8,110.48,Moderate Waste
3722,103825,3.59,2,0.0359,32.74,129.87,109.17,Low Waste
109915,164564,66.79,25,0.6679,39.31,94.35,139.37,High Waste
39421,128618,30.65,12,0.3065,20.19,131.2,102.74,Moderate Waste
38507,146354,26.31,6,0.2631,22.57,120.26,147.94,Moderate Waste
62456,144190,43.31,5,0.4331,38.48,136.7,133.96,Moderate Waste
115076,175984,65.39,20,0.6539,40.34,123.86,154.91,High Waste
71982,174335,41.29,5,0.4129,32.47,117.8,98.79,Moderate Waste
73232,123128,59.48,11,0.5948,34.36,91.27,76.56,Moderate Waste
83300,120294,69.25,25,0.6925,38.94,10.43,144.56,High Waste
98083,149032,65.81,17,0.6581,19.47,123.45,177.58,High Waste
85541,123623,69.19,26,0.6919,58.03,93.8,171.83,High Waste
79088,116724,67.76,12,0.6776,33.38,25.64,165.36,High Waste
8642,99475,8.69,3,0.0869,35.22,110.58,113.07,Low Waste
18179,145294,12.51,3,0.1251,13.12,152.13,95.38,Low Waste
9705,110451,8.79,4,0.0879,26.05,151.51,75.91,Low Waste
65565,104647,62.65,22,0.6265,29.56,132.19,171.55,High Waste
13218,166370,7.95,3,0.0795,34.86,145.2,63.82,Low Waste
53418,179790,29.71,10,0.2971,31.92,147.26,93.23,Moderate Waste
46697,96314,48.48,18,0.4848,44.54,118.2,108.55,High Waste
61246,173864,35.23,7,0.3523,36.1,144.58,110.93,Moderate Waste
1882,149657,1.26,1,0.0126,19.61,167.16,118.07,Low Waste
17244,157374,10.96,4,0.1096,22.96,123.67,83.23,Low Waste
12922,176570,7.32,5,0.0732,28.46,142.29,78.58,Low Waste
54726,128361,42.63,13,0.4263,27.94,185.66,108.97,Moderate Waste
49,177362,0.03,1,0.0003,27.72,153.89,41.98,Low Waste
6219,158753,3.92,2,0.0392,23.29,142.23,121.48,Low Waste
32949,93712,35.16,5,0.3516,29.56,136.06,108.92,Moderate Waste
95847,129456,74.04,26,0.7404,61.0,59.66,147.27,High Waste
107011,172467,62.05,19,0.6205,42.93,73.88,179.1,High Waste
47670,133323,35.76,11,0.3576,22.35,118.22,67.5,Moderate Waste
118184,174970,67.55,15,0.6755,23.88,137.25,124.78,High Waste
9346,102366,9.13,4,0.0913,12.5,178.46,91.69,Low Waste
39109,140580,27.82,6,0.2782,42.25,75.63,103.76,Moderate Waste
91851,119336,76.97,22,0.7697,40.15,106.1,186.64,High Waste
5552,101137,5.49,1,0.0549,14.42,138.9,78.7,Low Waste
14870,102950,14.44,1,0.1444,22.47,93.11,94.96,Low Waste
97878,163923,59.71,19,0.5971,46.84,91.75,177.8,High Waste
65549,108244,60.56,24,0.6056,45.68,105.33,166.1,High Waste
22858,124291,18.39,4,0.1839,35.55,181.92,108.25,Low Waste
112942,161154,70.08,16,0.7008,46.7,135.98,133.11,High Waste
7679,92773,8.28,2,0.0828,23.37,150.2,95.78,Low Waste
106568,149452,71.31,18,0.7131,53.94,143.17,196.54,High Waste
15752,141410,11.14,2,0.1114,30.3,140.04,89.19,Low Waste
29732,146815,20.25,7,0.2025,18.19,161.07,141.69,Moderate Waste
6250,98104,6.37,2,0.0637,36.56,111.46,80.73,Low Waste
56471,135690,41.62,9,0.4162,43.63,180.45,142.38,Moderate Waste
48289,111718,43.22,10,0.4322,30.3,108.62,105.09,Moderate Waste
6788,139863,4.85,2,0.0485,25.49,154.98,89.17,Low Waste
5381,115324,4.67,5,0.0467,25.95,175.71,99.83,Low Waste
129655,171106,75.77,17,0.7577,51.22,107.29,161.56,High Waste
60373,138369,43.63,9,0.4363,33.78,142.5,169.86,Moderate Waste
43799,148355,29.52,5,0.2952,21.75,108.41,163.07,Moderate Waste
49225,160331,30.7,11,0.307,16.55,120.44,88.22,Moderate Waste
13770,157211,8.76,2,0.0876,9.73,135.6,82.33,Low Waste
9207,105717,8.71,2,0.0871,19.2,135.27,99.16,Low Waste
11985,132064,9.08,1,0.0908,35.6,124.8,101.92,Low Waste
27321,92933,29.4,7,0.294,28.3,135.58,134.3,Moderate Waste
93378,143425,65.11,21,0.6511,30.44,78.37,161.94,High Waste
38290,122328,31.3,7,0.313,37.85,125.71,145.25,Moderate Waste
3079,154751,1.99,4,0.0199,34.04,128.67,76.14,Low Waste
41762,130162,32.08,13,0.3208,16.84,144.57,154.74,Moderate Waste
91475,165838,55.16,14,0.5516,44.59,73.17,86.83,High Waste
31814,107516,29.59,10,0.2959,31.4,103.72,106.45,Moderate Waste
20105,95975,20.95,10,0.2095,28.0,121.99,107.25,Moderate Waste
32360,164469,19.68,13,0.1968,35.99,112.02,99.77,Moderate Waste
83034,164076,50.61,6,0.5061,42.34,118.35,122.22,Moderate Waste
57030,101914,55.96,22,0.5596,42.96,72.65,174.21,High Waste
86133,166550,51.72,25,0.5172,24.12,121.03,154.36,High Waste
10051,119687,8.4,3,0.084,31.72,142.65,100.89,Low Waste
8106,158266,5.12,5,0.0512,34.94,116.37,63.11,Low Waste
42306,136954,30.89,10,0.3089,43.14,81.1,122.3,Moderate Waste
62243,164409,37.86,13,0.3786,36.48,93.8,172.29,Moderate Waste
81777,97477,83.89,26,0.8389,47.23,119.9,168.67,High Waste
18753,141186,13.28,1,0.1328,17.36,126.71,75.32,Low Waste
44705,142876,31.29,5,0.3129,29.45,109.01,146.54,Moderate Waste
42536,171193,24.85,5,0.2485,14.96,109.81,83.39,Moderate Waste
46707,90083,51.85,12,0.5185,48.14,92.73,108.85,High Waste
40072,144779,27.68,7,0.2768,22.22,114.73,90.19,Moderate Waste
94682,122777,77.12,16,0.7712,61.09,119.46,180.22,High Waste
84985,155683,54.59,24,0.5459,34.26,173.43,89.15,High Waste
14627,154520,9.47,1,0.0947,30.23,146.57,50.97,Low Waste
34361,143222,23.99,7,0.2399,24.87,114.48,133.52,Moderate Waste
21432,170852,12.54,1,0.1254,14.66,126.87,68.83,Low Waste
10389,100394,10.35,3,0.1035,37.13,165.46,59.38,Low Waste
54937,99973,54.95,10,0.5495,42.64,118.41,201.78,Moderate Waste
9335,124873,7.48,5,0.0748,33.36,154.91,84.34,Low Waste
8507,98554,8.63,4,0.0863,32.01,135.71,80.55,Low Waste
55757,145277,38.38,10,0.3838,33.77,122.88,69.03,Moderate Waste
3581,106134,3.37,5,0.0337,27.93,95.72,129.38,Low Waste
5233,113928,4.59,5,0.0459,21.73,123.81,96.67,Low Waste
0,98475,0.0,1,0.0,27.65,118.27,50.2,Low Waste
45606,147739,30.87,10,0.3087,31.77,111.77,129.99,Moderate Waste
99056,172478,57.43,20,0.5743,41.59,44.81,142.67,High Waste
8656,160823,5.38,2,0.0538,24.99,138.33,92.2,Low Waste
6627,102948,6.44,5,0.0644,21.7,137.62,106.51,Low Waste
106796,135659,78.72,25,0.7872,48.3,59.67,187.18,High Waste
59444,140057,42.44,12,0.4244,32.41,136.13,129.04,Moderate Waste
67444,132639,50.85,13,0.5085,47.68,151.22,142.42,High Waste
52784,134483,39.25,8,0.3925,37.68,119.0,132.98,Moderate Waste
70985,116868,60.74,27,0.6074,45.25,168.18,175.45,High Waste
42922,172098,24.94,12,0.2494,29.72,109.8,157.78,Moderate Waste
15474,167181,9.26,2,0.0926,24.81,144.96,78.3,Low Waste
19515,176299,11.07,2,0.1107,26.83,162.55,89.3,Low Waste
86002,167911,51.22,29,0.5122,47.35,108.18,149.75,High Waste
8856,123076,7.2,1,0.072,12.4,130.68,111.77,Low Waste
9700,91945,10.55,2,0.1055,19.51,159.63,68.42,Low Waste
1646,93745,1.76,2,0.0176,18.64,139.14,93.68,Low Waste
67679,111300,60.81,14,0.6081,31.8,122.9,119.93,High Waste
39310,116767,33.67,11,0.3367,39.64,101.06,206.35,Moderate Waste
43131,145813,29.58,6,0.2958,36.91,77.11,103.22,Moderate Waste
48607,109056,44.57,9,0.4457,46.03,173.59,137.62,Moderate Waste
6333,107991,5.86,1,0.0586,28.88,107.29,100.37,Low Waste
28316,92789,30.52,12,0.3052,34.41,93.59,152.03,Moderate Waste
51526,169898,30.33,10,0.3033,39.17,95.13,131.21,Moderate Waste
0,141518,0.0,4,0.0,28.75,112.63,96.22,Low Waste
87163,153362,56.83,21,0.5683,47.19,83.2,234.0,High Waste
15753,174404,9.03,4,0.0903,22.84,161.58,60.19,Low Waste
62293,133744,46.58,5,0.4658,39.41,153.41,119.56,Moderate Waste
80394,159525,50.4,5,0.504,32.08,143.97,160.57,Moderate Waste
11676,129808,9.0,1,0.09,22.46,91.27,43.44,Low Waste
93864,127015,73.9,25,0.739,40.24,152.27,172.74,High Waste
70293,99574,70.59,17,0.7059,31.55,159.25,121.32,High Waste
7515,172471,4.36,1,0.0436,31.03,93.49,109.3,Low Waste
10186,146849,6.94,1,0.0694,21.68,135.92,82.39,Low Waste
35641,110402,32.28,5,0.3228,39.04,101.45,109.16,Moderate Waste
4978,107052,4.65,4,0.0465,22.31,159.42,102.1,Low Waste
63462,122183,51.94,27,0.5194,40.91,176.15,201.33,High Waste
54508,141097,38.63,9,0.3863,30.23,134.18,115.99,Moderate Waste
102767,167057,61.52,22,0.6152,36.2,105.12,151.02,High Waste
60190,110307,54.57,13,0.5457,70.42,97.12,148.92,High Waste
49890,116718,42.74,13,0.4274,39.77,104.79,103.29,Moderate Waste
77689,115954,67.0,15,0.67,61.78,149.56,69.99,High Waste
53498,131600,40.65,7,0.4065,62.89,133.06,111.21,Moderate Waste
75692,170381,44.43,9,0.4443,47.68,142.21,108.94,Moderate Waste
111967,147450,75.94,28,0.7594,40.38,131.93,206.72,High Waste
120261,163217,73.68,27,0.7368,48.73,99.66,135.46,High Waste
4910,110421,4.45,4,0.0445,27.53,135.81,109.23,Low Waste
8780,94041,9.34,3,0.0934,5.39,156.18,82.84,Low Waste
30589,168096,18.2,5,0.182,29.48,147.5,95.14,Low Waste
119352,147232,81.06,17,0.8106,33.98,172.34,158.6,High Waste
79653,139040,57.29,20,0.5729,39.9,90.95,160.22,High Waste
128872,168199,76.62,25,0.7662,0.0,80.69,115.99,High Waste
61088,167479,36.47,9,0.3647,20.15,179.6,91.3,Moderate Waste
122144,175461,69.61,28,0.6961,35.97,122.08,106.49,High Waste
29766,126294,23.57,6,0.2357,25.53,114.18,141.65,Moderate Waste
1251,99771,1.25,1,0.0125,25.3,106.25,60.95,Low Waste
53075,167769,31.64,6,0.3164,19.52,54.37,113.57,Moderate Waste
54022,136992,39.43,10,0.3943,39.93,91.87,142.62,Moderate Waste
132241,156001,84.77,25,0.8477,40.06,133.54,144.21,High Waste
3378,123625,2.73,3,0.0273,37.3,138.21,81.45,Low Waste
34205,114584,29.85,6,0.2985,24.04,110.63,134.41,Moderate Waste
84456,129007,65.47,14,0.6547,38.44,138.61,121.29,High Waste
38860,139375,27.88,5,0.2788,51.41,86.15,132.06,Moderate Waste
78625,134412,58.5,29,0.585,37.86,104.39,150.62,High Waste
32800,157776,20.79,9,0.2079,29.53,107.8,154.57,Moderate Waste
97364,128522,75.76,18,0.7576,57.25,84.43,148.71,High Waste
25151,98995,25.41,13,0.2541,45.22,136.56,147.4,Moderate Waste
59248,128024,46.28,7,0.4628,23.74,99.28,168.87,Moderate Waste
6151,95743,6.43,5,0.0643,24.53,163.65,89.01,Low Waste
7885,103007,7.66,3,0.0766,36.9,141.36,70.49,Low Waste
8504,119552,7.11,5,0.0711,5.15,178.06,77.2,Low Waste
16966,157141,10.8,3,0.108,29.95,140.17,65.16,Low Waste
84722,119081,71.15,25,0.7115,33.47,135.61,133.22,High Waste
70439,108151,65.13,26,0.6513,23.97,93.68,79.63,High Waste
23261,174313,13.34,2,0.1334,17.02,139.74,132.41,Low Waste
19350,167095,11.58,2,0.1158,32.79,154.24,78.75,Low Waste
87621,125535,69.8,13,0.698,78.16,92.07,168.25,High Waste
84292,153336,54.97,20,0.5497,43.88,98.96,118.9,High Waste
74340,158050,47.04,8,0.4704,26.16,133.65,101.35,Moderate Waste
12527,170171,7.36,4,0.0736,12.94,117.06,84.1,Low Waste
14288,102109,13.99,5,0.1399,25.48,127.21,115.56,Low Waste
54640,134819,40.53,8,0.4053,48.12,127.87,104.29,Moderate Waste
13040,143106,9.11,4,0.0911,16.4,139.38,148.45,Low Waste
58721,97780,60.05,20,0.6005,41.9,117.05,212.23,High Waste
59017,101200,58.32,19,0.5832,39.48,92.68,142.55,High Waste
44908,167306,26.84,11,0.2684,18.06,180.56,120.95,Moderate Waste
97944,149841,65.37,22,0.6537,53.74,78.74,193.47,High Waste
25424,95065,26.74,13,0.2674,24.59,93.75,145.65,Moderate Waste
12963,122777,10.56,4,0.1056,28.73,152.58,105.02,Low Waste
16078,162428,9.9,3,0.099,24.96,153.09,68.1,Low Waste
45340,170830,26.54,7,0.2654,34.58,103.81,83.91,Moderate Waste
10877,149348,7.28,4,0.0728,38.75,134.78,58.13,Low Waste
80258,143133,56.07,13,0.5607,37.74,106.72,185.04,High Waste
5278,136355,3.87,2,0.0387,30.58,112.48,95.38,Low Waste
15785,139912,11.28,5,0.1128,31.59,111.8,78.92,Low Waste
56050,155137,36.13,8,0.3613,24.34,102.83,110.11,Moderate Waste
17736,151424,11.71,5,0.1171,26.62,121.42,91.44,Low Waste
14510,111687,12.99,5,0.1299,24.32,110.93,56.49,Low Waste
55499,152447,36.41,9,0.3641,33.38,122.02,133.68,Moderate Waste
19328,98003,19.72,6,0.1972,26.43,123.42,121.95,Moderate Waste
84695,117900,71.84,27,0.7184,42.6,126.87,136.94,High Waste
89378,177593,50.33,18,0.5033,28.17,126.92,152.23,High Waste
123134,159350,77.27,25,0.7727,36.99,139.31,71.78,High Waste
86152,127505,67.57,26,0.6757,42.0,99.4,96.49,High Waste
37016,106263,34.83,7,0.3483,18.5,110.17,105.85,Moderate Waste
92739,158220,58.61,13,0.5861,42.78,161.55,133.67,High Waste
0,112444,0.0,3,0.0,18.31,144.48,114.11,Low Waste
85222,177975,47.88,22,0.4788,52.32,57.94,148.27,High Waste
33681,97418,34.57,13,0.3457,45.81,114.01,65.34,Moderate Waste
90561,167772,53.98,13,0.5398,31.33,92.96,124.27,High Waste
15488,173232,8.94,3,0.0894,43.25,135.65,119.72,Low Waste
6979,132004,5.29,5,0.0529,28.03,150.26,114.02,Low Waste
6577,111307,5.91,2,0.0591,24.08,126.08,85.68,Low Waste
116385,154309,75.42,12,0.7542,17.84,98.68,216.89,High Waste
60972,146605,41.59,10,0.4159,36.29,121.75,155.74,Moderate Waste
67424,101067,66.71,13,0.6671,34.45,66.16,123.51,High Waste
12004,149207,8.05,3,0.0805,19.14,146.28,113.41,Low Waste
2855,99530,2.87,2,0.0287,23.51,139.15,106.47,Low Waste
2759,132813,2.08,4,0.0208,27.72,135.66,37.31,Low Waste
71717,175544,40.85,12,0.4085,25.49,134.45,125.11,Moderate Waste
28921,96906,29.84,8,0.2984,36.46,112.09,135.33,Moderate Waste
79982,155823,51.33,14,0.5133,14.11,95.75,141.29,High Waste
13542,104185,13.0,3,0.13,20.94,185.35,69.76,Low Waste
36218,132447,27.35,8,0.2735,42.97,113.41,174.97,Moderate Waste
86959,150817,57.66,13,0.5766,26.96,106.07,147.0,High Waste
96859,162502,59.6,26,0.596,40.39,105.1,140.83,High Waste
41941,104688,40.06,5,0.4006,46.62,122.29,100.24,Moderate Waste
9215,119324,7.72,3,0.0772,16.83,122.96,78.45,Low Waste
56626,94190,60.12,26,0.6012,59.5,87.72,182.27,High Waste
69264,102410,67.63,25,0.6763,42.34,56.45,182.98,High Waste
0,103795,0.0,1,0.0,26.19,160.58,95.43,Low Waste
84628,128754,65.73,28,0.6573,37.93,119.34,130.07,High Waste
77552,177025,43.81,23,0.4381,43.43,114.97,172.67,High Waste
95645,171837,55.66,14,0.5566,57.41,101.41,140.56,High Waste
65691,168141,39.07,13,0.3907,42.81,132.2,114.51,Moderate Waste
117270,135518,86.53,14,0.8653,45.83,50.53,115.59,High Waste
82636,109356,75.57,20,0.7557,45.46,96.9,146.35,High Waste
62557,101279,61.77,20,0.6177,56.45,126.76,184.58,High Waste
62368,95869,65.06,18,0.6506,53.81,116.31,182.79,High Waste
58349,115075,50.71,28,0.5071,33.22,111.64,130.75,High Waste
45794,127522,35.91,13,0.3591,34.57,78.33,122.36,Moderate Waste
8786,99696,8.81,2,0.0881,20.65,137.9,35.49,Low Waste
28057,98707,28.42,12,0.2842,41.79,188.49,132.52,Moderate Waste
105513,129827,81.27,24,0.8127,21.99,79.67,200.64,High Waste
11988,110719,10.83,3,0.1083,30.52,135.27,44.93,Low Waste
112515,179651,62.63,26,0.6263,43.69,117.55,94.59,High Waste
34780,91115,38.17,10,0.3817,42.96,107.75,129.86,Moderate Waste
120237,168717,71.27,15,0.7127,33.05,56.55,184.41,High Waste
80519,155313,51.84,18,0.5184,41.19,175.85,176.81,High Waste
91019,157952,57.62,12,0.5762,31.51,121.98,187.66,High Waste
84278,150481,56.01,16,0.5601,38.32,114.48,130.55,High Waste
94440,147180,64.17,13,0.6417,31.17,38.18,64.97,High Waste
0,102622,0.0,4,0.0,35.31,120.81,130.11,Low Waste
73621,131733,55.89,19,0.5589,37.27,117.74,180.46,High Waste
98765,115312,85.65,25,0.8565,46.73,45.76,212.11,High Waste
45842,155509,29.48,5,0.2948,41.61,93.82,54.7,Moderate Waste
7204,108212,6.66,1,0.0666,19.75,132.93,83.34,Low Waste
2126,92237,2.31,3,0.0231,27.38,132.32,105.64,Low Waste
121953,169387,72.0,26,0.72,26.14,65.16,94.93,High Waste
96370,159604,60.38,23,0.6038,48.78,58.18,125.06,High Waste
18896,177225,10.66,4,0.1066,13.82,157.56,63.41,Low Waste
50288,176958,28.42,10,0.2842,28.43,100.01,149.92,Moderate Waste
50512,124098,40.7,5,0.407,22.19,94.41,91.9,Moderate Waste
39233,99107,39.59,8,0.3959,14.73,158.72,140.55,Moderate Waste
51183,173831,29.44,9,0.2944,23.94,138.94,99.03,Moderate Waste
140969,172451,81.74,21,0.8174,51.06,50.78,202.74,High Waste
57243,111190,51.48,25,0.5148,51.09,160.53,143.92,High Waste
28874,94799,30.46,11,0.3046,51.25,115.76,136.02,Moderate Waste
8532,146457,5.83,5,0.0583,29.79,166.5,105.07,Low Waste
14551,149836,9.71,3,0.0971,32.89,131.2,95.49,Low Waste
21487,170654,12.59,5,0.1259,23.68,180.18,56.25,Low Waste
27912,102282,27.29,9,0.2729,42.64,138.14,80.91,Moderate Waste
41779,115083,36.3,18,0.363,18.62,95.91,142.97,High Waste
2103,150989,1.39,3,0.0139,37.25,112.27,99.77,Low Waste
89760,155671,57.66,12,0.5766,28.08,67.81,169.86,High Waste
53964,126192,42.76,10,0.4276,35.75,113.6,130.47,Moderate Waste
106226,141268,75.2,28,0.752,21.82,126.3,198.66,High Waste
9810,176960,5.54,5,0.0554,13.98,150.64,93.98,Low Waste
10973,101530,10.81,4,0.1081,36.83,169.55,89.8,Low Waste
11720,159178,7.36,5,0.0736,8.99,144.74,59.3,Low Waste
5717,101692,5.62,3,0.0562,29.96,140.56,83.48,Low Waste
45101,98422,45.82,6,0.4582,42.02,113.36,120.13,Moderate Waste
55675,163415,34.07,6,0.3407,33.37,159.01,162.98,Moderate Waste
11340,112305,10.1,1,0.101,25.21,104.7,78.44,Low Waste
8586,136280,6.3,1,0.063,14.39,129.23,87.62,Low Waste
60903,93344,65.25,18,0.6525,20.77,128.86,124.41,High Waste
64098,103375,62.01,21,0.6201,43.47,106.09,119.16,High Waste
86176,151494,56.88,21,0.5688,21.91,66.72,150.31,High Waste
71964,162519,44.28,6,0.4428,21.21,103.18,94.77,Moderate Waste
47617,144557,32.94,6,0.3294,21.26,108.08,145.08,Moderate Waste
80568,91432,88.12,25,0.8812,47.91,113.93,153.54,High Waste
109201,129992,84.01,19,0.8401,44.65,77.49,138.29,High Waste
61789,111273,55.53,21,0.5553,66.41,130.51,90.82,High Waste
10209,117930,8.66,1,0.0866,25.54,141.07,65.14,Low Waste
52757,138549,38.08,5,0.3808,29.21,131.5,128.42,Moderate Waste
9592,162182,5.91,5,0.0591,34.55,109.99,100.18,Low Waste
94625,151751,62.36,14,0.6236,25.45,118.33,150.91,High Waste
54873,146425,37.48,12,0.3748,17.02,171.36,113.61,Moderate Waste
9607,164366,5.84,1,0.0584,36.05,116.7,122.34,Low Waste
69608,102242,68.08,23,0.6808,44.23,93.5,93.85,High Waste
57371,119217,48.12,5,0.4812,20.48,86.35,115.66,Moderate Waste
132336,170964,77.41,21,0.7741,26.91,95.14,142.86,High Waste
97347,141686,68.71,17,0.6871,13.48,122.92,109.13,High Waste
53448,163733,32.64,7,0.3264,25.51,118.74,128.96,Moderate Waste
47951,136777,35.06,13,0.3506,48.71,123.98,142.19,Moderate Waste
81498,135485,60.15,23,0.6015,53.61,143.43,140.45,High Waste
109111,174654,62.47,19,0.6247,36.77,89.95,117.16,High Waste
27520,90775,30.32,11,0.3032,25.3,131.12,144.37,Moderate Waste
47661,155098,30.73,13,0.3073,39.1,99.21,120.22,Moderate Waste
105771,167144,63.28,22,0.6328,49.55,146.61,111.58,High Waste
85167,125763,67.72,27,0.6772,50.64,138.44,179.25,High Waste
30941,96028,32.22,13,0.3222,35.42,128.7,129.39,Moderate Waste
84534,137242,61.59,14,0.6159,61.38,104.48,212.5,High Waste
39352,112484,34.98,10,0.3498,29.77,127.99,114.01,Moderate Waste
88767,137682,64.47,18,0.6447,16.05,110.4,122.87,High Waste
13425,136860,9.81,4,0.0981,17.85,151.11,47.02,Low Waste
7437,119841,6.21,2,0.0621,8.22,152.35,108.31,Low Waste
92219,117131,78.73,25,0.7873,41.82,91.41,156.29,High Waste
75540,114414,66.02,17,0.6602,21.51,117.23,152.35,High Waste
13301,161560,8.23,2,0.0823,24.01,141.47,100.56,Low Waste
48081,168864,28.47,9,0.2847,20.12,141.27,94.13,Moderate Waste
124106,178793,69.41,12,0.6941,33.61,89.13,227.16,High Waste
80885,146056,55.38,23,0.5538,40.89,151.54,179.72,High Waste
69858,106330,65.7,12,0.657,36.06,102.38,97.83,High Waste
25570,94584,27.03,11,0.2703,35.81,141.36,129.93,Moderate Waste
51784,155563,33.29,11,0.3329,27.51,138.17,89.39,Moderate Waste
11186,123629,9.05,1,0.0905,22.09,108.26,109.91,Low Waste
40738,104435,39.01,5,0.3901,25.92,96.59,107.23,Moderate Waste
20169,141455,14.26,1,0.1426,39.17,163.97,75.42,Low Waste
38117,90350,42.19,5,0.4219,32.13,125.53,96.31,Moderate Waste
61974,101361,61.14,19,0.6114,47.32,79.24,154.94,High Waste
6261,168710,3.71,5,0.0371,14.44,163.79,94.27,Low Waste
50474,112533,44.85,28,0.4485,52.23,75.66,204.25,High Waste
1961,166601,1.18,5,0.0118,31.37,137.95,96.82,Low Waste
7253,98920,7.33,1,0.0733,20.2,159.77,89.14,Low Waste
98694,173890,56.76,29,0.5676,44.37,75.78,173.51,High Waste
60392,175486,34.41,11,0.3441,25.8,90.24,93.89,Moderate Waste
5623,97599,5.76,4,0.0576,30.61,149.97,60.98,Low Waste
12077,135066,8.94,3,0.0894,13.99,107.58,82.75,Low Waste
107752,127049,84.81,24,0.8481,53.75,153.07,106.46,High Waste
9203,144279,6.38,4,0.0638,29.53,161.56,78.05,Low Waste
70470,136575,51.6,16,0.516,29.25,79.43,126.93,High Waste
18476,123872,14.92,3,0.1492,35.63,156.84,47.27,Low Waste
82658,140209,58.95,21,0.5895,42.84,90.67,148.11,High Waste
12785,125782,10.16,2,0.1016,28.36,165.29,100.85,Low Waste
37826,123140,30.72,6,0.3072,36.93,117.53,148.05,Moderate Waste
13075,129499,10.1,5,0.101,28.0,104.96,107.19,Low Waste
43,117536,0.04,2,0.0004,34.81,117.92,75.46,Low Waste
38964,147529,26.41,10,0.2641,52.64,92.69,108.06,Moderate Waste
126918,147473,86.06,25,0.8606,13.3,90.16,128.47,High Waste
73185,99972,73.21,17,0.7321,48.09,125.64,187.26,High Waste
49738,168214,29.57,7,0.2957,42.21,139.66,99.05,Moderate Waste
51474,139702,36.85,13,0.3685,15.95,95.81,149.06,Moderate Waste
57887,111407,51.96,28,0.5196,18.17,84.56,149.09,High Waste
11791,151716,7.77,2,0.0777,25.43,117.44,96.42,Low Waste
44907,111135,40.41,7,0.4041,32.66,101.7,154.5,Moderate Waste
53205,120574,44.13,9,0.4413,10.62,91.92,139.15,Moderate Waste
71275,93506,76.23,27,0.7623,30.33,181.32,153.08,High Waste
72077,168568,42.76,7,0.4276,37.84,83.07,151.94,Moderate Waste
76172,156061,48.81,12,0.4881,27.06,118.75,127.96,Moderate Waste
68726,114743,59.9,13,0.599,49.57,130.05,172.58,High Waste
63627,97372,65.34,14,0.6534,16.6,83.89,153.87,High Waste
40288,115969,34.74,7,0.3474,19.44,132.92,110.76,Moderate Waste
51599,123604,41.75,10,0.4175,33.29,106.83,133.85,Moderate Waste
103590,156343,66.26,28,0.6626,45.37,147.85,142.24,High Waste
24737,96467,25.64,10,0.2564,39.79,142.78,128.92,Moderate Waste
52813,110945,47.6,9,0.476,26.62,141.66,104.32,Moderate Waste
48212,151370,31.85,8,0.3185,17.32,189.99,155.5,Moderate Waste
51519,135059,38.15,7,0.3815,34.77,117.86,121.54,Moderate Waste
60288,118481,50.88,25,0.5088,45.63,112.33,130.55,High Waste
38128,112576,33.87,8,0.3387,39.04,134.92,151.91,Moderate Waste
41011,165257,24.82,7,0.2482,28.96,113.9,118.68,Moderate Waste
65054,117775,55.24,18,0.5524,42.02,133.04,177.11,High Waste
53282,158766,33.56,12,0.3356,31.55,126.42,117.52,Moderate Waste
20149,146725,13.73,3,0.1373,20.31,132.19,125.63,Low Waste
42129,112010,37.61,23,0.3761,50.37,113.13,168.74,High Waste
37485,113185,33.12,9,0.3312,32.19,101.61,145.43,Moderate Waste
69407,145792,47.61,13,0.4761,21.63,82.58,60.55,Moderate Waste
113380,135284,83.81,17,0.8381,51.13,126.5,156.26,High Waste
74047,114681,64.57,23,0.6457,24.04,91.61,149.01,High Waste
77967,121176,64.34,23,0.6434,37.75,105.43,133.9,High Waste
15570,101863,15.29,2,0.1529,23.87,130.89,55.99,Low Waste
11780,142943,8.24,1,0.0824,27.92,145.94,91.29,Low Waste
61928,120834,51.25,11,0.5125,33.13,153.51,128.47,Moderate Waste
54804,92666,59.14,29,0.5914,51.32,88.52,194.55,High Waste
13496,116582,11.58,2,0.1158,34.81,156.18,143.03,Low Waste
84516,175559,48.14,12,0.4814,35.52,147.48,145.54,Moderate Waste
112383,147967,75.95,23,0.7595,40.53,95.25,193.9,High Waste
107009,159815,66.96,15,0.6696,29.85,83.39,159.7,High Waste
22026,94534,23.3,5,0.233,31.6,130.08,111.41,Moderate Waste
49626,141441,35.09,6,0.3509,29.22,72.86,100.36,Moderate Waste
70486,130247,54.12,23,0.5412,44.83,148.73,167.0,High Waste
54628,131734,41.47,13,0.4147,29.18,61.51,98.36,Moderate Waste
37134,103124,36.01,6,0.3601,16.19,134.78,113.31,Moderate Waste
7821,100620,7.77,4,0.0777,23.79,151.27,125.55,Low Waste
109515,148911,73.54,25,0.7354,39.94,73.83,202.9,High Waste
37451,138345,27.07,6,0.2707,32.39,118.19,162.52,Moderate Waste
72277,152078,47.53,8,0.4753,23.82,123.42,64.62,Moderate Waste
97253,160122,60.74,25,0.6074,42.28,48.76,169.23,High Waste
77091,113335,68.02,14,0.6802,37.41,69.9,136.95,High Waste
85772,146077,58.72,18,0.5872,28.17,134.75,85.33,High Waste
19980,134355,14.87,6,0.1487,48.05,152.7,97.66,Moderate Waste
5268,159966,3.29,3,0.0329,30.06,125.94,83.7,Low Waste
5898,143182,4.12,3,0.0412,22.11,166.24,115.63,Low Waste
76815,114059,67.35,15,0.6735,56.11,98.4,121.28,High Waste
14505,129343,11.21,2,0.1121,29.93,168.02,106.11,Low Waste
105633,167091,63.22,16,0.6322,25.45,97.45,119.87,High Waste
11140,102630,10.86,5,0.1086,19.29,141.57,89.75,Low Waste
11657,124498,9.36,3,0.0936,32.33,124.45,66.4,Low Waste
15555,137137,11.34,2,0.1134,36.59,108.04,54.83,Low Waste
61807,159467,38.76,9,0.3876,18.32,170.81,104.45,Moderate Waste
9681,100972,9.59,3,0.0959,24.81,162.39,98.38,Low Waste
31729,155313,20.43,5,0.2043,33.66,75.33,131.4,Moderate Waste
96254,179049,53.76,12,0.5376,45.35,90.91,177.02,High Waste
50651,135463,37.39,11,0.3739,20.94,148.72,117.0,Moderate Waste
64367,139344,46.19,5,0.4619,42.73,130.69,77.09,Moderate Waste
10998,147124,7.48,3,0.0748,29.34,170.33,62.04,Low Waste
9459,129907,7.28,2,0.0728,25.97,136.35,86.3,Low Waste
94116,157134,59.9,25,0.599,49.25,73.97,102.08,High Waste
56846,178742,31.8,11,0.318,28.63,120.11,117.54,Moderate Waste
1347,155671,0.87,2,0.0087,11.13,127.4,122.53,Low Waste
4335,98502,4.4,2,0.044,15.81,140.5,84.1,Low Waste
45439,97986,46.37,11,0.4637,47.61,93.59,165.92,Moderate Waste
13332,101795,13.1,3,0.131,16.53,118.65,145.35,Low Waste
31393,141409,22.2,7,0.222,37.81,104.28,108.8,Moderate Waste
67148,145541,46.14,24,0.4614,44.83,102.67,178.94,High Waste
52601,115538,45.53,14,0.4553,52.08,88.26,130.11,High Waste
3127,155314,2.01,1,0.0201,18.92,160.95,103.88,Low Waste
43929,147936,29.69,13,0.2969,39.33,95.47,102.15,Moderate Waste
17980,171238,10.5,1,0.105,27.91,125.48,36.1,Low Waste
89446,130777,68.4,16,0.684,56.09,76.06,201.34,High Waste
37426,107981,34.66,9,0.3466,15.38,97.91,86.09,Moderate Waste
79942,159824,50.02,18,0.5002,63.94,103.98,166.41,High Waste
8526,91903,9.28,3,0.0928,18.62,150.73,118.97,Low Waste
105525,162980,64.75,22,0.6475,60.04,45.3,185.65,High Waste
8252,177464,4.65,1,0.0465,24.91,137.61,70.35,Low Waste
6838,172441,3.97,2,0.0397,25.12,167.28,80.51,Low Waste
48267,157205,30.7,5,0.307,42.03,85.8,113.46,Moderate Waste
59878,157366,38.05,11,0.3805,22.82,132.27,104.55,Moderate Waste
34851,142704,24.42,9,0.2442,41.36,134.07,115.4,Moderate Waste
85345,129316,66.0,14,0.66,50.2,56.52,142.57,High Waste
46668,101153,46.14,6,0.4614,13.14,191.13,128.74,Moderate Waste
94092,155431,60.54,13,0.6054,35.88,105.29,213.61,High Waste
96111,126019,76.27,20,0.7627,39.01,100.11,154.3,High Waste
59116,96749,61.1,23,0.611,33.42,97.11,149.35,High Waste
9955,110669,9.0,2,0.09,29.9,120.3,69.84,Low Waste
11068,132260,8.37,4,0.0837,22.81,159.91,113.32,Low Waste
66506,149944,44.35,9,0.4435,30.46,99.05,117.97,Moderate Waste
41342,96222,42.97,7,0.4297,20.68,169.34,99.38,Moderate Waste
67618,97807,69.13,14,0.6913,40.51,55.89,197.14,High Waste
5239,152668,3.43,4,0.0343,17.7,136.18,63.39,Low Waste
86401,139838,61.79,14,0.6179,39.59,143.38,135.14,High Waste
58522,107054,54.67,5,0.5467,31.65,137.53,100.84,Moderate Waste
31183,121610,25.64,6,0.2564,36.05,137.58,107.88,Moderate Waste
21751,161713,13.45,5,0.1345,17.79,143.85,56.66,Low Waste
8499,164048,5.18,2,0.0518,31.13,152.05,81.82,Low Waste
8386,119474,7.02,5,0.0702,15.74,105.25,44.8,Low Waste
37586,119021,31.58,9,0.3158,29.17,131.15,94.39,Moderate Waste
23535,175607,13.4,3,0.134,12.88,130.97,68.73,Low Waste
15127,164681,9.19,3,0.0919,33.24,147.91,140.02,Low Waste
87357,136415,64.04,17,0.6404,59.25,133.8,144.85,High Waste
11914,158227,7.53,1,0.0753,30.07,130.17,79.76,Low Waste
39673,174972,22.67,5,0.2267,28.42,113.86,116.67,Moderate Waste
77232,126195,61.2,28,0.612,28.06,109.22,154.89,High Waste
95647,145626,65.68,20,0.6568,31.99,53.88,175.37,High Waste
49184,179212,27.44,12,0.2744,29.39,126.18,95.57,Moderate Waste
82298,128248,64.17,23,0.6417,41.83,159.95,181.96,High Waste
25427,109361,23.25,13,0.2325,39.21,111.29,74.09,Moderate Waste
61575,107562,57.25,28,0.5725,25.3,74.04,139.62,High Waste
2477,113621,2.18,4,0.0218,24.06,146.83,92.62,Low Waste
138050,172655,79.96,28,0.7996,23.08,71.29,226.94,High Waste
30184,152144,19.84,5,0.1984,45.62,130.43,100.02,Moderate Waste
26796,115925,23.12,7,0.2312,10.9,135.27,107.98,Moderate Waste
67097,133428,50.29,14,0.5029,6.74,143.2,143.92,High Waste
48081,128803,37.33,11,0.3733,23.47,161.62,116.22,Moderate Waste
97365,151325,64.34,14,0.6434,20.98,71.15,192.32,High Waste
33976,92341,36.79,11,0.3679,35.57,64.08,119.28,Moderate Waste
13501,130850,10.32,4,0.1032,18.66,161.69,108.42,Low Waste
13797,121907,11.32,3,0.1132,25.02,128.39,92.31,Low Waste
50793,144946,35.04,13,0.3504,22.85,121.16,103.9,Moderate Waste
5207,118619,4.39,1,0.0439,21.14,142.57,62.68,Low Waste
99654,166451,59.87,23,0.5987,28.66,92.81,212.93,High Waste
24024,178796,13.44,4,0.1344,34.97,121.64,71.54,Low Waste
76227,138268,55.13,15,0.5513,50.42,107.16,212.81,High Waste
5051,143431,3.52,1,0.0352,27.34,121.19,145.16,Low Waste
42810,131107,32.65,11,0.3265,41.38,149.99,123.79,Moderate Waste
11244,105353,10.67,1,0.1067,23.08,100.05,17.07,Low Waste
129969,179069,72.58,16,0.7258,25.61,60.12,140.52,High Waste
81895,118424,69.15,15,0.6915,36.35,108.7,119.89,High Waste
11500,131568,8.74,3,0.0874,23.42,142.19,111.8,Low Waste
2726,156140,1.75,1,0.0175,28.23,137.74,94.96,Low Waste
61809,155654,39.71,5,0.3971,40.7,116.82,134.87,Moderate Waste
14461,148486,9.74,2,0.0974,16.22,135.77,105.48,Low Waste
78224,107441,72.81,18,0.7281,45.53,71.01,207.43,High Waste
96995,149293,64.97,12,0.6497,16.15,98.21,201.65,High Waste
68308,108785,62.79,18,0.6279,33.62,75.63,143.54,High Waste
76580,118540,64.6,12,0.646,49.33,156.77,131.23,High Waste
77407,133129,58.14,25,0.5814,20.25,161.66,148.57,High Waste
